id_ptn,ptn_nama,jalur,id_prodi,kode_prodi,prodi,jenjang,portofolio,kelompok_bidang,is_fakultas,is_new,daya_tampung_kini,tahun,daya_tampung,peminat,terima,peminat_lag1,peminat_lag2,daya_tampung_lag1,terima_lag1,jumlah_prodi_ptn,total_peminat_ptn,proporsi_peminat_lokal,jumlah_provinsi_asal
141,UNIVERSITAS ANDALAS,SNBP,141001,11411001,AGRIBISNIS,S1,Tidak Ada,pertanian,0,0,80,2021,36,655,36,,,,,48,21527,,
141,UNIVERSITAS ANDALAS,SNBP,141001,11411001,AGRIBISNIS,S1,Tidak Ada,pertanian,0,0,80,2022,40,665,40,655,,36,36,48,21246,,
141,UNIVERSITAS ANDALAS,SNBP,141001,11411001,AGRIBISNIS,S1,Tidak Ada,pertanian,0,0,80,2023,70,522,70,665,655,40,40,53,21653,,
141,UNIVERSITAS ANDALAS,SNBP,141001,11411001,AGRIBISNIS,S1,Tidak Ada,pertanian,0,0,80,2024,80,420,80,522,665,70,70,56,18791,,
141,UNIVERSITAS ANDALAS,SNBP,141001,11411001,AGRIBISNIS,S1,Tidak Ada,pertanian,0,0,80,2025,75,452,75,420,522,80,80,57,20594,,
141,UNIVERSITAS ANDALAS,SNBP,141002,11411002,AGROTEKNOLOGI,S1,Tidak Ada,pertanian,0,0,100,2021,45,326,45,,,,,48,21527,,
141,UNIVERSITAS ANDALAS,SNBP,141002,11411002,AGROTEKNOLOGI,S1,Tidak Ada,pertanian,0,0,100,2022,40,420,40,326,,45,45,48,21246,,
141,UNIVERSITAS ANDALAS,SNBP,141002,11411002,AGROTEKNOLOGI,S1,Tidak Ada,pertanian,0,0,100,2023,50,315,55,420,326,40,40,53,21653,,
141,UNIVERSITAS ANDALAS,SNBP,141002,11411002,AGROTEKNOLOGI,S1,Tidak Ada,pertanian,0,0,100,2024,50,259,50,315,420,50,55,56,18791,,
141,UNIVERSITAS ANDALAS,SNBP,141002,11411002,AGROTEKNOLOGI,S1,Tidak Ada,pertanian,0,0,100,2025,70,418,70,259,315,50,50,57,20594,,
141,UNIVERSITAS ANDALAS,SNBP,141003,11411003,KEDOKTERAN,S1,Tidak Ada,kesehatan,0,0,51,2021,75,1277,75,,,,,48,21527,,
141,UNIVERSITAS ANDALAS,SNBP,141003,11411003,KEDOKTERAN,S1,Tidak Ada,kesehatan,0,0,51,2022,50,1343,50,1277,,75,75,48,21246,,
141,UNIVERSITAS ANDALAS,SNBP,141003,11411003,KEDOKTERAN,S1,Tidak Ada,kesehatan,0,0,51,2023,50,1308,50,1343,1277,50,50,53,21653,,
141,UNIVERSITAS ANDALAS,SNBP,141003,11411003,KEDOKTERAN,S1,Tidak Ada,kesehatan,0,0,51,2024,50,1081,52,1308,1343,50,50,56,18791,,
141,UNIVERSITAS ANDALAS,SNBP,141003,11411003,KEDOKTERAN,S1,Tidak Ada,kesehatan,0,0,51,2025,51,1070,51,1081,1308,50,52,57,20594,,
141,UNIVERSITAS ANDALAS,SNBP,141004,11411004,KEPERAWATAN,S1,Tidak Ada,kesehatan,0,0,36,2021,54,711,54,,,,,48,21527,,
141,UNIVERSITAS ANDALAS,SNBP,141004,11411004,KEPERAWATAN,S1,Tidak Ada,kesehatan,0,0,36,2022,36,807,36,711,,54,54,48,21246,,
141,UNIVERSITAS ANDALAS,SNBP,141004,11411004,KEPERAWATAN,S1,Tidak Ada,kesehatan,0,0,36,2023,36,913,36,807,711,36,36,53,21653,,
141,UNIVERSITAS ANDALAS,SNBP,141004,11411004,KEPERAWATAN,S1,Tidak Ada,kesehatan,0,0,36,2024,36,715,36,913,807,36,36,56,18791,,
141,UNIVERSITAS ANDALAS,SNBP,141004,11411004,KEPERAWATAN,S1,Tidak Ada,kesehatan,0,0,36,2025,36,784,36,715,913,36,36,57,20594,,
141,UNIVERSITAS ANDALAS,SNBP,141005,11411005,KESEHATAN MASYARAKAT,S1,Tidak Ada,kesehatan,0,0,45,2021,60,823,60,,,,,48,21527,,
141,UNIVERSITAS ANDALAS,SNBP,141005,11411005,KESEHATAN MASYARAKAT,S1,Tidak Ada,kesehatan,0,0,45,2022,40,891,40,823,,60,60,48,21246,,
141,UNIVERSITAS ANDALAS,SNBP,141005,11411005,KESEHATAN MASYARAKAT,S1,Tidak Ada,kesehatan,0,0,45,2023,40,790,40,891,823,40,40,53,21653,,
141,UNIVERSITAS ANDALAS,SNBP,141005,11411005,KESEHATAN MASYARAKAT,S1,Tidak Ada,kesehatan,0,0,45,2024,40,748,40,790,891,40,40,56,18791,,
141,UNIVERSITAS ANDALAS,SNBP,141005,11411005,KESEHATAN MASYARAKAT,S1,Tidak Ada,kesehatan,0,0,45,2025,40,905,40,748,790,40,40,57,20594,,
141,UNIVERSITAS ANDALAS,SNBP,141006,11411006,KEDOKTERAN GIGI,S1,Tidak Ada,kesehatan,0,0,20,2021,30,527,30,,,,,48,21527,,
141,UNIVERSITAS ANDALAS,SNBP,141006,11411006,KEDOKTERAN GIGI,S1,Tidak Ada,kesehatan,0,0,20,2022,20,594,20,527,,30,30,48,21246,,
141,UNIVERSITAS ANDALAS,SNBP,141006,11411006,KEDOKTERAN GIGI,S1,Tidak Ada,kesehatan,0,0,20,2023,20,617,20,594,527,20,20,53,21653,,
141,UNIVERSITAS ANDALAS,SNBP,141006,11411006,KEDOKTERAN GIGI,S1,Tidak Ada,kesehatan,0,0,20,2024,20,503,20,617,594,20,20,56,18791,,
141,UNIVERSITAS ANDALAS,SNBP,141006,11411006,KEDOKTERAN GIGI,S1,Tidak Ada,kesehatan,0,0,20,2025,20,546,20,503,617,20,20,57,20594,,
141,UNIVERSITAS ANDALAS,SNBP,141007,11411007,KIMIA,S1,Tidak Ada,sains,0,0,40,2021,36,251,36,,,,,48,21527,,
141,UNIVERSITAS ANDALAS,SNBP,141007,11411007,KIMIA,S1,Tidak Ada,sains,0,0,40,2022,24,205,24,251,,36,36,48,21246,,
141,UNIVERSITAS ANDALAS,SNBP,141007,11411007,KIMIA,S1,Tidak Ada,sains,0,0,40,2023,36,187,36,205,251,24,24,53,21653,,
141,UNIVERSITAS ANDALAS,SNBP,141007,11411007,KIMIA,S1,Tidak Ada,sains,0,0,40,2024,40,202,40,187,205,36,36,56,18791,,
141,UNIVERSITAS ANDALAS,SNBP,141007,11411007,KIMIA,S1,Tidak Ada,sains,0,0,40,2025,40,245,40,202,187,40,40,57,20594,,
141,UNIVERSITAS ANDALAS,SNBP,141008,11411008,BIOLOGI,S1,Tidak Ada,sains,0,0,40,2021,36,200,36,,,,,48,21527,,
141,UNIVERSITAS ANDALAS,SNBP,141008,11411008,BIOLOGI,S1,Tidak Ada,sains,0,0,40,2022,24,212,24,200,,36,36,48,21246,,
141,UNIVERSITAS ANDALAS,SNBP,141008,11411008,BIOLOGI,S1,Tidak Ada,sains,0,0,40,2023,36,147,36,212,200,24,24,53,21653,,
141,UNIVERSITAS ANDALAS,SNBP,141008,11411008,BIOLOGI,S1,Tidak Ada,sains,0,0,40,2024,40,111,40,147,212,36,36,56,18791,,
141,UNIVERSITAS ANDALAS,SNBP,141008,11411008,BIOLOGI,S1,Tidak Ada,sains,0,0,40,2025,40,204,40,111,147,40,40,57,20594,,
141,UNIVERSITAS ANDALAS,SNBP,141009,11411009,MATEMATIKA,S1,Tidak Ada,sains,0,0,40,2021,30,270,30,,,,,48,21527,,
141,UNIVERSITAS ANDALAS,SNBP,141009,11411009,MATEMATIKA,S1,Tidak Ada,sains,0,0,40,2022,24,206,24,270,,30,30,48,21246,,
141,UNIVERSITAS ANDALAS,SNBP,141009,11411009,MATEMATIKA,S1,Tidak Ada,sains,0,0,40,2023,36,151,36,206,270,24,24,53,21653,,
141,UNIVERSITAS ANDALAS,SNBP,141009,11411009,MATEMATIKA,S1,Tidak Ada,sains,0,0,40,2024,40,126,40,151,206,36,36,56,18791,,
141,UNIVERSITAS ANDALAS,SNBP,141009,11411009,MATEMATIKA,S1,Tidak Ada,sains,0,0,40,2025,40,165,40,126,151,40,40,57,20594,,
141,UNIVERSITAS ANDALAS,SNBP,141010,11411010,FISIKA,S1,Tidak Ada,sains,0,0,50,2021,36,100,36,,,,,48,21527,,
141,UNIVERSITAS ANDALAS,SNBP,141010,11411010,FISIKA,S1,Tidak Ada,sains,0,0,50,2022,24,77,24,100,,36,36,48,21246,,
141,UNIVERSITAS ANDALAS,SNBP,141010,11411010,FISIKA,S1,Tidak Ada,sains,0,0,50,2023,36,66,36,77,100,24,24,53,21653,,
141,UNIVERSITAS ANDALAS,SNBP,141010,11411010,FISIKA,S1,Tidak Ada,sains,0,0,50,2024,40,73,40,66,77,36,36,56,18791,,
141,UNIVERSITAS ANDALAS,SNBP,141010,11411010,FISIKA,S1,Tidak Ada,sains,0,0,50,2025,65,97,65,73,66,40,40,57,20594,,
141,UNIVERSITAS ANDALAS,SNBP,141011,11411011,TEKNIK KOMPUTER,S1,Tidak Ada,teknik,0,0,20,2021,26,460,26,,,,,48,21527,,
141,UNIVERSITAS ANDALAS,SNBP,141011,11411011,TEKNIK KOMPUTER,S1,Tidak Ada,teknik,0,0,20,2022,20,469,20,460,,26,26,48,21246,,
141,UNIVERSITAS ANDALAS,SNBP,141011,11411011,TEKNIK KOMPUTER,S1,Tidak Ada,teknik,0,0,20,2023,20,396,20,469,460,20,20,53,21653,,
141,UNIVERSITAS ANDALAS,SNBP,141011,11411011,TEKNIK KOMPUTER,S1,Tidak Ada,teknik,0,0,20,2024,20,387,20,396,469,20,20,56,18791,,
141,UNIVERSITAS ANDALAS,SNBP,141011,11411011,TEKNIK KOMPUTER,S1,Tidak Ada,teknik,0,0,20,2025,20,334,20,387,396,20,20,57,20594,,
141,UNIVERSITAS ANDALAS,SNBP,141012,11411012,PETERNAKAN,S1,Tidak Ada,pertanian,0,0,160,2021,105,409,105,,,,,48,21527,,
141,UNIVERSITAS ANDALAS,SNBP,141012,11411012,PETERNAKAN,S1,Tidak Ada,pertanian,0,0,160,2022,80,343,80,409,,105,105,48,21246,,
141,UNIVERSITAS ANDALAS,SNBP,141012,11411012,PETERNAKAN,S1,Tidak Ada,pertanian,0,0,160,2023,160,406,160,343,409,80,80,53,21653,,
141,UNIVERSITAS ANDALAS,SNBP,141012,11411012,PETERNAKAN,S1,Tidak Ada,pertanian,0,0,160,2024,160,278,160,406,343,160,160,56,18791,,
141,UNIVERSITAS ANDALAS,SNBP,141012,11411012,PETERNAKAN,S1,Tidak Ada,pertanian,0,0,160,2025,160,341,160,278,406,160,160,57,20594,,
141,UNIVERSITAS ANDALAS,SNBP,141013,11411013,TEKNIK MESIN,S1,Tidak Ada,teknik,0,0,38,2021,45,435,48,,,,,48,21527,,
141,UNIVERSITAS ANDALAS,SNBP,141013,11411013,TEKNIK MESIN,S1,Tidak Ada,teknik,0,0,38,2022,30,366,30,435,,45,48,48,21246,,
141,UNIVERSITAS ANDALAS,SNBP,141013,11411013,TEKNIK MESIN,S1,Tidak Ada,teknik,0,0,38,2023,30,321,30,366,435,30,30,53,21653,,
141,UNIVERSITAS ANDALAS,SNBP,141013,11411013,TEKNIK MESIN,S1,Tidak Ada,teknik,0,0,38,2024,38,287,38,321,366,30,30,56,18791,,
141,UNIVERSITAS ANDALAS,SNBP,141013,11411013,TEKNIK MESIN,S1,Tidak Ada,teknik,0,0,38,2025,38,352,38,287,321,38,38,57,20594,,
141,UNIVERSITAS ANDALAS,SNBP,141014,11411014,TEKNIK SIPIL,S1,Tidak Ada,teknik,0,0,45,2021,54,740,55,,,,,48,21527,,
141,UNIVERSITAS ANDALAS,SNBP,141014,11411014,TEKNIK SIPIL,S1,Tidak Ada,teknik,0,0,45,2022,36,630,36,740,,54,55,48,21246,,
141,UNIVERSITAS ANDALAS,SNBP,141014,11411014,TEKNIK SIPIL,S1,Tidak Ada,teknik,0,0,45,2023,45,570,45,630,740,36,36,53,21653,,
141,UNIVERSITAS ANDALAS,SNBP,141014,11411014,TEKNIK SIPIL,S1,Tidak Ada,teknik,0,0,45,2024,45,487,45,570,630,45,45,56,18791,,
141,UNIVERSITAS ANDALAS,SNBP,141014,11411014,TEKNIK SIPIL,S1,Tidak Ada,teknik,0,0,45,2025,50,570,50,487,570,45,45,57,20594,,
141,UNIVERSITAS ANDALAS,SNBP,141015,11411015,TEKNIK INDUSTRI,S1,Tidak Ada,teknik,0,0,38,2021,39,641,41,,,,,48,21527,,
141,UNIVERSITAS ANDALAS,SNBP,141015,11411015,TEKNIK INDUSTRI,S1,Tidak Ada,teknik,0,0,38,2022,26,572,26,641,,39,41,48,21246,,
141,UNIVERSITAS ANDALAS,SNBP,141015,11411015,TEKNIK INDUSTRI,S1,Tidak Ada,teknik,0,0,38,2023,39,704,39,572,641,26,26,53,21653,,
141,UNIVERSITAS ANDALAS,SNBP,141015,11411015,TEKNIK INDUSTRI,S1,Tidak Ada,teknik,0,0,38,2024,39,586,39,704,572,39,39,56,18791,,
141,UNIVERSITAS ANDALAS,SNBP,141015,11411015,TEKNIK INDUSTRI,S1,Tidak Ada,teknik,0,0,38,2025,38,751,38,586,704,39,39,57,20594,,
141,UNIVERSITAS ANDALAS,SNBP,141016,11411016,TEKNIK LINGKUNGAN,S1,Tidak Ada,teknik,0,0,34,2021,36,443,38,,,,,48,21527,,
141,UNIVERSITAS ANDALAS,SNBP,141016,11411016,TEKNIK LINGKUNGAN,S1,Tidak Ada,teknik,0,0,34,2022,24,415,24,443,,36,38,48,21246,,
141,UNIVERSITAS ANDALAS,SNBP,141016,11411016,TEKNIK LINGKUNGAN,S1,Tidak Ada,teknik,0,0,34,2023,30,361,30,415,443,24,24,53,21653,,
141,UNIVERSITAS ANDALAS,SNBP,141016,11411016,TEKNIK LINGKUNGAN,S1,Tidak Ada,teknik,0,0,34,2024,30,375,30,361,415,30,30,56,18791,,
141,UNIVERSITAS ANDALAS,SNBP,141016,11411016,TEKNIK LINGKUNGAN,S1,Tidak Ada,teknik,0,0,34,2025,34,461,34,375,361,30,30,57,20594,,
141,UNIVERSITAS ANDALAS,SNBP,141017,11411017,TEKNIK ELEKTRO,S1,Tidak Ada,teknik,0,0,28,2021,45,471,47,,,,,48,21527,,
141,UNIVERSITAS ANDALAS,SNBP,141017,11411017,TEKNIK ELEKTRO,S1,Tidak Ada,teknik,0,0,28,2022,30,355,29,471,,45,47,48,21246,,
141,UNIVERSITAS ANDALAS,SNBP,141017,11411017,TEKNIK ELEKTRO,S1,Tidak Ada,teknik,0,0,28,2023,37,381,37,355,471,30,29,53,21653,,
141,UNIVERSITAS ANDALAS,SNBP,141017,11411017,TEKNIK ELEKTRO,S1,Tidak Ada,teknik,0,0,28,2024,28,311,28,381,355,37,37,56,18791,,
141,UNIVERSITAS ANDALAS,SNBP,141017,11411017,TEKNIK ELEKTRO,S1,Tidak Ada,teknik,0,0,28,2025,28,350,28,311,381,28,28,57,20594,,
141,UNIVERSITAS ANDALAS,SNBP,141018,11411018,FARMASI,S1,Tidak Ada,kesehatan,0,0,40,2021,45,1426,45,,,,,48,21527,,
141,UNIVERSITAS ANDALAS,SNBP,141018,11411018,FARMASI,S1,Tidak Ada,kesehatan,0,0,40,2022,34,1425,34,1426,,45,45,48,21246,,
141,UNIVERSITAS ANDALAS,SNBP,141018,11411018,FARMASI,S1,Tidak Ada,kesehatan,0,0,40,2023,34,1568,34,1425,1426,34,34,53,21653,,
141,UNIVERSITAS ANDALAS,SNBP,141018,11411018,FARMASI,S1,Tidak Ada,kesehatan,0,0,40,2024,40,1298,40,1568,1425,34,34,56,18791,,
141,UNIVERSITAS ANDALAS,SNBP,141018,11411018,FARMASI,S1,Tidak Ada,kesehatan,0,0,40,2025,36,1406,36,1298,1568,40,40,57,20594,,
141,UNIVERSITAS ANDALAS,SNBP,141019,11411019,TEKNIK PERTANIAN DAN BIOSISTEM,S1,Tidak Ada,pertanian,0,0,56,2021,33,205,33,,,,,48,21527,,
141,UNIVERSITAS ANDALAS,SNBP,141019,11411019,TEKNIK PERTANIAN DAN BIOSISTEM,S1,Tidak Ada,pertanian,0,0,56,2022,24,206,24,205,,33,33,48,21246,,
141,UNIVERSITAS ANDALAS,SNBP,141019,11411019,TEKNIK PERTANIAN DAN BIOSISTEM,S1,Tidak Ada,pertanian,0,0,56,2023,36,160,36,206,205,24,24,53,21653,,
141,UNIVERSITAS ANDALAS,SNBP,141019,11411019,TEKNIK PERTANIAN DAN BIOSISTEM,S1,Tidak Ada,pertanian,0,0,56,2024,49,162,49,160,206,36,36,56,18791,,
141,UNIVERSITAS ANDALAS,SNBP,141019,11411019,TEKNIK PERTANIAN DAN BIOSISTEM,S1,Tidak Ada,pertanian,0,0,56,2025,56,227,56,162,160,49,49,57,20594,,
141,UNIVERSITAS ANDALAS,SNBP,141020,11411020,TEKNOLOGI PANGAN DAN HASIL PERTANIAN,S1,Tidak Ada,pertanian,0,0,56,2021,33,256,33,,,,,48,21527,,
141,UNIVERSITAS ANDALAS,SNBP,141020,11411020,TEKNOLOGI PANGAN DAN HASIL PERTANIAN,S1,Tidak Ada,pertanian,0,0,56,2022,24,211,24,256,,33,33,48,21246,,
141,UNIVERSITAS ANDALAS,SNBP,141020,11411020,TEKNOLOGI PANGAN DAN HASIL PERTANIAN,S1,Tidak Ada,pertanian,0,0,56,2023,42,252,42,211,256,24,24,53,21653,,
141,UNIVERSITAS ANDALAS,SNBP,141020,11411020,TEKNOLOGI PANGAN DAN HASIL PERTANIAN,S1,Tidak Ada,pertanian,0,0,56,2024,49,196,49,252,211,42,42,56,18791,,
141,UNIVERSITAS ANDALAS,SNBP,141020,11411020,TEKNOLOGI PANGAN DAN HASIL PERTANIAN,S1,Tidak Ada,pertanian,0,0,56,2025,56,404,56,196,252,49,49,57,20594,,
141,UNIVERSITAS ANDALAS,SNBP,141021,11411021,SISTEM INFORMASI,S1,Tidak Ada,teknik,0,0,30,2021,26,667,26,,,,,48,21527,,
141,UNIVERSITAS ANDALAS,SNBP,141021,11411021,SISTEM INFORMASI,S1,Tidak Ada,teknik,0,0,30,2022,20,633,20,667,,26,26,48,21246,,
141,UNIVERSITAS ANDALAS,SNBP,141021,11411021,SISTEM INFORMASI,S1,Tidak Ada,teknik,0,0,30,2023,20,558,20,633,667,20,20,53,21653,,
141,UNIVERSITAS ANDALAS,SNBP,141021,11411021,SISTEM INFORMASI,S1,Tidak Ada,teknik,0,0,30,2024,20,605,20,558,633,20,20,56,18791,,
141,UNIVERSITAS ANDALAS,SNBP,141021,11411021,SISTEM INFORMASI,S1,Tidak Ada,teknik,0,0,30,2025,20,570,20,605,558,20,20,57,20594,,
141,UNIVERSITAS ANDALAS,SNBP,141022,11411022,PSIKOLOGI,S1,Tidak Ada,sosial_humaniora,0,0,30,2021,45,712,45,,,,,48,21527,,
141,UNIVERSITAS ANDALAS,SNBP,141022,11411022,PSIKOLOGI,S1,Tidak Ada,sosial_humaniora,0,0,30,2022,30,748,30,712,,45,45,48,21246,,
141,UNIVERSITAS ANDALAS,SNBP,141022,11411022,PSIKOLOGI,S1,Tidak Ada,sosial_humaniora,0,0,30,2023,30,782,30,748,712,30,30,53,21653,,
141,UNIVERSITAS ANDALAS,SNBP,141022,11411022,PSIKOLOGI,S1,Tidak Ada,sosial_humaniora,0,0,30,2024,30,599,30,782,748,30,30,56,18791,,
141,UNIVERSITAS ANDALAS,SNBP,141022,11411022,PSIKOLOGI,S1,Tidak Ada,sosial_humaniora,0,0,30,2025,30,487,30,599,782,30,30,57,20594,,
141,UNIVERSITAS ANDALAS,SNBP,141023,11411023,ILMU TANAH,S1,Tidak Ada,pertanian,0,0,65,2021,36,159,36,,,,,48,21527,,
141,UNIVERSITAS ANDALAS,SNBP,141023,11411023,ILMU TANAH,S1,Tidak Ada,pertanian,0,0,65,2022,24,171,24,159,,36,36,48,21246,,
141,UNIVERSITAS ANDALAS,SNBP,141023,11411023,ILMU TANAH,S1,Tidak Ada,pertanian,0,0,65,2023,60,192,60,171,159,24,24,53,21653,,
141,UNIVERSITAS ANDALAS,SNBP,141023,11411023,ILMU TANAH,S1,Tidak Ada,pertanian,0,0,65,2024,65,155,65,192,171,60,60,56,18791,,
141,UNIVERSITAS ANDALAS,SNBP,141023,11411023,ILMU TANAH,S1,Tidak Ada,pertanian,0,0,65,2025,65,163,65,155,192,65,65,57,20594,,
141,UNIVERSITAS ANDALAS,SNBP,141024,11411024,AGROEKOTEKNOLOGI,S1,Tidak Ada,pertanian,0,0,75,2021,45,181,45,,,,,48,21527,,
141,UNIVERSITAS ANDALAS,SNBP,141024,11411024,AGROEKOTEKNOLOGI,S1,Tidak Ada,pertanian,0,0,75,2022,30,142,36,181,,45,45,48,21246,,
141,UNIVERSITAS ANDALAS,SNBP,141024,11411024,AGROEKOTEKNOLOGI,S1,Tidak Ada,pertanian,0,0,75,2023,82,218,82,142,181,30,36,53,21653,,
141,UNIVERSITAS ANDALAS,SNBP,141024,11411024,AGROEKOTEKNOLOGI,S1,Tidak Ada,pertanian,0,0,75,2024,72,129,72,218,142,82,82,56,18791,,
141,UNIVERSITAS ANDALAS,SNBP,141024,11411024,AGROEKOTEKNOLOGI,S1,Tidak Ada,pertanian,0,0,75,2025,70,148,70,129,218,72,72,57,20594,,
141,UNIVERSITAS ANDALAS,SNBP,141025,11411025,PETERNAKAN ( KAMPUS II PAYAKUMBUH),S1,Tidak Ada,pertanian,0,0,40,2021,30,52,30,,,,,48,21527,,
141,UNIVERSITAS ANDALAS,SNBP,141025,11411025,PETERNAKAN ( KAMPUS II PAYAKUMBUH),S1,Tidak Ada,pertanian,0,0,40,2022,20,78,26,52,,30,30,48,21246,,
141,UNIVERSITAS ANDALAS,SNBP,141025,11411025,PETERNAKAN ( KAMPUS II PAYAKUMBUH),S1,Tidak Ada,pertanian,0,0,40,2023,40,82,40,78,52,20,26,53,21653,,
141,UNIVERSITAS ANDALAS,SNBP,141025,11411025,PETERNAKAN ( KAMPUS II PAYAKUMBUH),S1,Tidak Ada,pertanian,0,0,40,2024,40,51,40,82,78,40,40,56,18791,,
141,UNIVERSITAS ANDALAS,SNBP,141025,11411025,PETERNAKAN ( KAMPUS II PAYAKUMBUH),S1,Tidak Ada,pertanian,0,0,40,2025,40,69,40,51,82,40,40,57,20594,,
141,UNIVERSITAS ANDALAS,SNBP,141026,11411026,KEBIDANAN,S1,Tidak Ada,kesehatan,0,0,20,2021,24,362,24,,,,,48,21527,,
141,UNIVERSITAS ANDALAS,SNBP,141026,11411026,KEBIDANAN,S1,Tidak Ada,kesehatan,0,0,20,2022,20,553,20,362,,24,24,48,21246,,
141,UNIVERSITAS ANDALAS,SNBP,141026,11411026,KEBIDANAN,S1,Tidak Ada,kesehatan,0,0,20,2023,20,590,20,553,362,20,20,53,21653,,
141,UNIVERSITAS ANDALAS,SNBP,141026,11411026,KEBIDANAN,S1,Tidak Ada,kesehatan,0,0,20,2024,20,472,20,590,553,20,20,56,18791,,
141,UNIVERSITAS ANDALAS,SNBP,141026,11411026,KEBIDANAN,S1,Tidak Ada,kesehatan,0,0,20,2025,20,534,20,472,590,20,20,57,20594,,
141,UNIVERSITAS ANDALAS,SNBP,141027,11411027,GIZI,S1,Tidak Ada,kesehatan,0,0,30,2021,30,635,30,,,,,48,21527,,
141,UNIVERSITAS ANDALAS,SNBP,141027,11411027,GIZI,S1,Tidak Ada,kesehatan,0,0,30,2022,24,692,24,635,,30,30,48,21246,,
141,UNIVERSITAS ANDALAS,SNBP,141027,11411027,GIZI,S1,Tidak Ada,kesehatan,0,0,30,2023,24,772,24,692,635,24,24,53,21653,,
141,UNIVERSITAS ANDALAS,SNBP,141027,11411027,GIZI,S1,Tidak Ada,kesehatan,0,0,30,2024,24,580,24,772,692,24,24,56,18791,,
141,UNIVERSITAS ANDALAS,SNBP,141027,11411027,GIZI,S1,Tidak Ada,kesehatan,0,0,30,2025,30,708,30,580,772,24,24,57,20594,,
141,UNIVERSITAS ANDALAS,SNBP,141028,11411028,PROTEKSI TANAMAN,S1,Tidak Ada,pertanian,0,0,60,2021,42,127,42,,,,,48,21527,,
141,UNIVERSITAS ANDALAS,SNBP,141028,11411028,PROTEKSI TANAMAN,S1,Tidak Ada,pertanian,0,0,60,2022,28,123,28,127,,42,42,48,21246,,
141,UNIVERSITAS ANDALAS,SNBP,141028,11411028,PROTEKSI TANAMAN,S1,Tidak Ada,pertanian,0,0,60,2023,45,105,45,123,127,28,28,53,21653,,
141,UNIVERSITAS ANDALAS,SNBP,141028,11411028,PROTEKSI TANAMAN,S1,Tidak Ada,pertanian,0,0,60,2024,60,122,60,105,123,45,45,56,18791,,
141,UNIVERSITAS ANDALAS,SNBP,141028,11411028,PROTEKSI TANAMAN,S1,Tidak Ada,pertanian,0,0,60,2025,60,154,60,122,105,60,60,57,20594,,
141,UNIVERSITAS ANDALAS,SNBP,141029,11411029,PENYULUHAN PERTANIAN,S1,Tidak Ada,pertanian,0,0,20,2021,12,64,12,,,,,48,21527,,
141,UNIVERSITAS ANDALAS,SNBP,141029,11411029,PENYULUHAN PERTANIAN,S1,Tidak Ada,pertanian,0,0,20,2022,12,101,12,64,,12,12,48,21246,,
141,UNIVERSITAS ANDALAS,SNBP,141029,11411029,PENYULUHAN PERTANIAN,S1,Tidak Ada,pertanian,0,0,20,2023,20,113,20,101,64,12,12,53,21653,,
141,UNIVERSITAS ANDALAS,SNBP,141029,11411029,PENYULUHAN PERTANIAN,S1,Tidak Ada,pertanian,0,0,20,2024,20,110,20,113,101,20,20,56,18791,,
141,UNIVERSITAS ANDALAS,SNBP,141029,11411029,PENYULUHAN PERTANIAN,S1,Tidak Ada,pertanian,0,0,20,2025,20,124,20,110,113,20,20,57,20594,,
141,UNIVERSITAS ANDALAS,SNBP,141030,11411030,TEKNOLOGI INDUSTRI PERTANIAN,S1,Tidak Ada,pertanian,0,0,40,2021,24,120,24,,,,,48,21527,,
141,UNIVERSITAS ANDALAS,SNBP,141030,11411030,TEKNOLOGI INDUSTRI PERTANIAN,S1,Tidak Ada,pertanian,0,0,40,2022,16,152,16,120,,24,24,48,21246,,
141,UNIVERSITAS ANDALAS,SNBP,141030,11411030,TEKNOLOGI INDUSTRI PERTANIAN,S1,Tidak Ada,pertanian,0,0,40,2023,24,169,24,152,120,16,16,53,21653,,
141,UNIVERSITAS ANDALAS,SNBP,141030,11411030,TEKNOLOGI INDUSTRI PERTANIAN,S1,Tidak Ada,pertanian,0,0,40,2024,35,158,35,169,152,24,24,56,18791,,
141,UNIVERSITAS ANDALAS,SNBP,141030,11411030,TEKNOLOGI INDUSTRI PERTANIAN,S1,Tidak Ada,pertanian,0,0,40,2025,40,230,40,158,169,35,35,57,20594,,
141,UNIVERSITAS ANDALAS,SNBP,141031,11411031,ILMU BIOMEDIS,S1,Tidak Ada,kesehatan,0,0,11,2021,12,255,12,,,,,48,21527,,
141,UNIVERSITAS ANDALAS,SNBP,141031,11411031,ILMU BIOMEDIS,S1,Tidak Ada,kesehatan,0,0,11,2022,10,359,10,255,,12,12,48,21246,,
141,UNIVERSITAS ANDALAS,SNBP,141031,11411031,ILMU BIOMEDIS,S1,Tidak Ada,kesehatan,0,0,11,2023,10,368,10,359,255,10,10,53,21653,,
141,UNIVERSITAS ANDALAS,SNBP,141031,11411031,ILMU BIOMEDIS,S1,Tidak Ada,kesehatan,0,0,11,2024,10,348,10,368,359,10,10,56,18791,,
141,UNIVERSITAS ANDALAS,SNBP,141031,11411031,ILMU BIOMEDIS,S1,Tidak Ada,kesehatan,0,0,11,2025,11,438,11,348,368,10,10,57,20594,,
141,UNIVERSITAS ANDALAS,SNBP,141032,11411032,EKONOMI,S1,Tidak Ada,ekonomi,0,0,45,2021,42,295,42,,,,,48,21527,,
141,UNIVERSITAS ANDALAS,SNBP,141032,11411032,EKONOMI,S1,Tidak Ada,ekonomi,0,0,45,2022,30,332,30,295,,42,42,48,21246,,
141,UNIVERSITAS ANDALAS,SNBP,141032,11411032,EKONOMI,S1,Tidak Ada,ekonomi,0,0,45,2023,45,427,45,332,295,30,30,53,21653,,
141,UNIVERSITAS ANDALAS,SNBP,141032,11411032,EKONOMI,S1,Tidak Ada,ekonomi,0,0,45,2024,45,364,45,427,332,45,45,56,18791,,
141,UNIVERSITAS ANDALAS,SNBP,141032,11411032,EKONOMI,S1,Tidak Ada,ekonomi,0,0,45,2025,45,311,45,364,427,45,45,57,20594,,
141,UNIVERSITAS ANDALAS,SNBP,141033,11411033,HUKUM,S1,Tidak Ada,sosial_humaniora,0,0,140,2021,180,1336,180,,,,,48,21527,,
141,UNIVERSITAS ANDALAS,SNBP,141033,11411033,HUKUM,S1,Tidak Ada,sosial_humaniora,0,0,140,2022,120,1339,120,1336,,180,180,48,21246,,
141,UNIVERSITAS ANDALAS,SNBP,141033,11411033,HUKUM,S1,Tidak Ada,sosial_humaniora,0,0,140,2023,165,1206,165,1339,1336,120,120,53,21653,,
141,UNIVERSITAS ANDALAS,SNBP,141033,11411033,HUKUM,S1,Tidak Ada,sosial_humaniora,0,0,140,2024,157,1096,157,1206,1339,165,165,56,18791,,
141,UNIVERSITAS ANDALAS,SNBP,141033,11411033,HUKUM,S1,Tidak Ada,sosial_humaniora,0,0,140,2025,120,885,120,1096,1206,157,157,57,20594,,
141,UNIVERSITAS ANDALAS,SNBP,141034,11411034,SEJARAH,S1,Tidak Ada,sosial_humaniora,0,0,60,2021,24,120,24,,,,,48,21527,,
141,UNIVERSITAS ANDALAS,SNBP,141034,11411034,SEJARAH,S1,Tidak Ada,sosial_humaniora,0,0,60,2022,24,118,24,120,,24,24,48,21246,,
141,UNIVERSITAS ANDALAS,SNBP,141034,11411034,SEJARAH,S1,Tidak Ada,sosial_humaniora,0,0,60,2023,36,117,42,118,120,24,24,53,21653,,
141,UNIVERSITAS ANDALAS,SNBP,141034,11411034,SEJARAH,S1,Tidak Ada,sosial_humaniora,0,0,60,2024,48,95,48,117,118,36,42,56,18791,,
141,UNIVERSITAS ANDALAS,SNBP,141034,11411034,SEJARAH,S1,Tidak Ada,sosial_humaniora,0,0,60,2025,60,95,60,95,117,48,48,57,20594,,
141,UNIVERSITAS ANDALAS,SNBP,141035,11411035,SOSIOLOGI,S1,Tidak Ada,sosial_humaniora,0,0,45,2021,36,370,36,,,,,48,21527,,
141,UNIVERSITAS ANDALAS,SNBP,141035,11411035,SOSIOLOGI,S1,Tidak Ada,sosial_humaniora,0,0,45,2022,24,335,24,370,,36,36,48,21246,,
141,UNIVERSITAS ANDALAS,SNBP,141035,11411035,SOSIOLOGI,S1,Tidak Ada,sosial_humaniora,0,0,45,2023,48,256,48,335,370,24,24,53,21653,,
141,UNIVERSITAS ANDALAS,SNBP,141035,11411035,SOSIOLOGI,S1,Tidak Ada,sosial_humaniora,0,0,45,2024,45,198,45,256,335,48,48,56,18791,,
141,UNIVERSITAS ANDALAS,SNBP,141035,11411035,SOSIOLOGI,S1,Tidak Ada,sosial_humaniora,0,0,45,2025,45,171,45,198,256,45,45,57,20594,,
141,UNIVERSITAS ANDALAS,SNBP,141036,11411036,ANTROPOLOGI SOSIAL,S1,Tidak Ada,sosial_humaniora,0,0,40,2021,30,262,30,,,,,48,21527,,
141,UNIVERSITAS ANDALAS,SNBP,141036,11411036,ANTROPOLOGI SOSIAL,S1,Tidak Ada,sosial_humaniora,0,0,40,2022,20,233,20,262,,30,30,48,21246,,
141,UNIVERSITAS ANDALAS,SNBP,141036,11411036,ANTROPOLOGI SOSIAL,S1,Tidak Ada,sosial_humaniora,0,0,40,2023,40,189,40,233,262,20,20,53,21653,,
141,UNIVERSITAS ANDALAS,SNBP,141036,11411036,ANTROPOLOGI SOSIAL,S1,Tidak Ada,sosial_humaniora,0,0,40,2024,40,196,40,189,233,40,40,56,18791,,
141,UNIVERSITAS ANDALAS,SNBP,141036,11411036,ANTROPOLOGI SOSIAL,S1,Tidak Ada,sosial_humaniora,0,0,40,2025,40,171,40,196,189,40,40,57,20594,,
141,UNIVERSITAS ANDALAS,SNBP,141037,11411037,MANAJEMEN,S1,Tidak Ada,ekonomi,0,0,50,2021,51,1193,51,,,,,48,21527,,
141,UNIVERSITAS ANDALAS,SNBP,141037,11411037,MANAJEMEN,S1,Tidak Ada,ekonomi,0,0,50,2022,40,996,40,1193,,51,51,48,21246,,
141,UNIVERSITAS ANDALAS,SNBP,141037,11411037,MANAJEMEN,S1,Tidak Ada,ekonomi,0,0,50,2023,50,1128,50,996,1193,40,40,53,21653,,
141,UNIVERSITAS ANDALAS,SNBP,141037,11411037,MANAJEMEN,S1,Tidak Ada,ekonomi,0,0,50,2024,50,962,50,1128,996,50,50,56,18791,,
141,UNIVERSITAS ANDALAS,SNBP,141037,11411037,MANAJEMEN,S1,Tidak Ada,ekonomi,0,0,50,2025,50,702,50,962,1128,50,50,57,20594,,
141,UNIVERSITAS ANDALAS,SNBP,141038,11411038,AKUNTANSI,S1,Tidak Ada,ekonomi,0,0,50,2021,54,772,54,,,,,48,21527,,
141,UNIVERSITAS ANDALAS,SNBP,141038,11411038,AKUNTANSI,S1,Tidak Ada,ekonomi,0,0,50,2022,40,664,40,772,,54,54,48,21246,,
141,UNIVERSITAS ANDALAS,SNBP,141038,11411038,AKUNTANSI,S1,Tidak Ada,ekonomi,0,0,50,2023,50,952,50,664,772,40,40,53,21653,,
141,UNIVERSITAS ANDALAS,SNBP,141038,11411038,AKUNTANSI,S1,Tidak Ada,ekonomi,0,0,50,2024,50,718,50,952,664,50,50,56,18791,,
141,UNIVERSITAS ANDALAS,SNBP,141038,11411038,AKUNTANSI,S1,Tidak Ada,ekonomi,0,0,50,2025,50,802,50,718,952,50,50,57,20594,,
141,UNIVERSITAS ANDALAS,SNBP,141039,11411039,ILMU POLITIK,S1,Tidak Ada,sosial_humaniora,0,0,45,2021,30,291,30,,,,,48,21527,,
141,UNIVERSITAS ANDALAS,SNBP,141039,11411039,ILMU POLITIK,S1,Tidak Ada,sosial_humaniora,0,0,45,2022,20,302,20,291,,30,30,48,21246,,
141,UNIVERSITAS ANDALAS,SNBP,141039,11411039,ILMU POLITIK,S1,Tidak Ada,sosial_humaniora,0,0,45,2023,40,267,40,302,291,20,20,53,21653,,
141,UNIVERSITAS ANDALAS,SNBP,141039,11411039,ILMU POLITIK,S1,Tidak Ada,sosial_humaniora,0,0,45,2024,20,179,20,267,302,40,40,56,18791,,
141,UNIVERSITAS ANDALAS,SNBP,141039,11411039,ILMU POLITIK,S1,Tidak Ada,sosial_humaniora,0,0,45,2025,30,197,30,179,267,20,20,57,20594,,
141,UNIVERSITAS ANDALAS,SNBP,141040,11411040,ADMINISTRASI PUBLIK,S1,Tidak Ada,sosial_humaniora,0,0,30,2021,30,550,30,,,,,48,21527,,
141,UNIVERSITAS ANDALAS,SNBP,141040,11411040,ADMINISTRASI PUBLIK,S1,Tidak Ada,sosial_humaniora,0,0,30,2022,24,584,24,550,,30,30,48,21246,,
141,UNIVERSITAS ANDALAS,SNBP,141040,11411040,ADMINISTRASI PUBLIK,S1,Tidak Ada,sosial_humaniora,0,0,30,2023,20,511,20,584,550,24,24,53,21653,,
141,UNIVERSITAS ANDALAS,SNBP,141040,11411040,ADMINISTRASI PUBLIK,S1,Tidak Ada,sosial_humaniora,0,0,30,2024,20,441,20,511,584,20,20,56,18791,,
141,UNIVERSITAS ANDALAS,SNBP,141040,11411040,ADMINISTRASI PUBLIK,S1,Tidak Ada,sosial_humaniora,0,0,30,2025,30,452,30,441,511,20,20,57,20594,,
141,UNIVERSITAS ANDALAS,SNBP,141041,11411041,SASTRA INDONESIA,S1,Tidak Ada,sosial_humaniora,0,0,48,2021,36,183,36,,,,,48,21527,,
141,UNIVERSITAS ANDALAS,SNBP,141041,11411041,SASTRA INDONESIA,S1,Tidak Ada,sosial_humaniora,0,0,48,2022,24,143,24,183,,36,36,48,21246,,
141,UNIVERSITAS ANDALAS,SNBP,141041,11411041,SASTRA INDONESIA,S1,Tidak Ada,sosial_humaniora,0,0,48,2023,36,144,42,143,183,24,24,53,21653,,
141,UNIVERSITAS ANDALAS,SNBP,141041,11411041,SASTRA INDONESIA,S1,Tidak Ada,sosial_humaniora,0,0,48,2024,48,104,48,144,143,36,42,56,18791,,
141,UNIVERSITAS ANDALAS,SNBP,141041,11411041,SASTRA INDONESIA,S1,Tidak Ada,sosial_humaniora,0,0,48,2025,48,120,48,104,144,48,48,57,20594,,
141,UNIVERSITAS ANDALAS,SNBP,141042,11411042,SASTRA INGGRIS,S1,Tidak Ada,sosial_humaniora,0,0,60,2021,36,358,36,,,,,48,21527,,
141,UNIVERSITAS ANDALAS,SNBP,141042,11411042,SASTRA INGGRIS,S1,Tidak Ada,sosial_humaniora,0,0,60,2022,30,285,30,358,,36,36,48,21246,,
141,UNIVERSITAS ANDALAS,SNBP,141042,11411042,SASTRA INGGRIS,S1,Tidak Ada,sosial_humaniora,0,0,60,2023,45,253,52,285,358,30,30,53,21653,,
141,UNIVERSITAS ANDALAS,SNBP,141042,11411042,SASTRA INGGRIS,S1,Tidak Ada,sosial_humaniora,0,0,60,2024,60,225,60,253,285,45,52,56,18791,,
141,UNIVERSITAS ANDALAS,SNBP,141042,11411042,SASTRA INGGRIS,S1,Tidak Ada,sosial_humaniora,0,0,60,2025,60,281,60,225,253,60,60,57,20594,,
141,UNIVERSITAS ANDALAS,SNBP,141043,11411043,SASTRA MINANGKABAU,S1,Tidak Ada,sosial_humaniora,0,0,35,2021,29,53,29,,,,,48,21527,,
141,UNIVERSITAS ANDALAS,SNBP,141043,11411043,SASTRA MINANGKABAU,S1,Tidak Ada,sosial_humaniora,0,0,35,2022,19,48,19,53,,29,29,48,21246,,
141,UNIVERSITAS ANDALAS,SNBP,141043,11411043,SASTRA MINANGKABAU,S1,Tidak Ada,sosial_humaniora,0,0,35,2023,29,48,33,48,53,19,19,53,21653,,
141,UNIVERSITAS ANDALAS,SNBP,141043,11411043,SASTRA MINANGKABAU,S1,Tidak Ada,sosial_humaniora,0,0,35,2024,38,33,24,48,48,29,33,56,18791,,
141,UNIVERSITAS ANDALAS,SNBP,141043,11411043,SASTRA MINANGKABAU,S1,Tidak Ada,sosial_humaniora,0,0,35,2025,35,39,28,33,48,38,24,57,20594,,
141,UNIVERSITAS ANDALAS,SNBP,141044,11411044,SASTRA JEPANG,S1,Tidak Ada,sosial_humaniora,0,0,55,2021,24,174,24,,,,,48,21527,,
141,UNIVERSITAS ANDALAS,SNBP,141044,11411044,SASTRA JEPANG,S1,Tidak Ada,sosial_humaniora,0,0,55,2022,22,102,22,174,,24,24,48,21246,,
141,UNIVERSITAS ANDALAS,SNBP,141044,11411044,SASTRA JEPANG,S1,Tidak Ada,sosial_humaniora,0,0,55,2023,33,127,38,102,174,22,22,53,21653,,
141,UNIVERSITAS ANDALAS,SNBP,141044,11411044,SASTRA JEPANG,S1,Tidak Ada,sosial_humaniora,0,0,55,2024,44,129,44,127,102,33,38,56,18791,,
141,UNIVERSITAS ANDALAS,SNBP,141044,11411044,SASTRA JEPANG,S1,Tidak Ada,sosial_humaniora,0,0,55,2025,55,183,55,129,127,44,44,57,20594,,
141,UNIVERSITAS ANDALAS,SNBP,141045,11411045,HUBUNGAN INTERNASIONAL,S1,Tidak Ada,sosial_humaniora,0,0,30,2021,36,517,36,,,,,48,21527,,
141,UNIVERSITAS ANDALAS,SNBP,141045,11411045,HUBUNGAN INTERNASIONAL,S1,Tidak Ada,sosial_humaniora,0,0,30,2022,24,451,24,517,,36,36,48,21246,,
141,UNIVERSITAS ANDALAS,SNBP,141045,11411045,HUBUNGAN INTERNASIONAL,S1,Tidak Ada,sosial_humaniora,0,0,30,2023,16,342,16,451,517,24,24,53,21653,,
141,UNIVERSITAS ANDALAS,SNBP,141045,11411045,HUBUNGAN INTERNASIONAL,S1,Tidak Ada,sosial_humaniora,0,0,30,2024,25,350,25,342,451,16,16,56,18791,,
141,UNIVERSITAS ANDALAS,SNBP,141045,11411045,HUBUNGAN INTERNASIONAL,S1,Tidak Ada,sosial_humaniora,0,0,30,2025,30,300,30,350,342,25,25,57,20594,,
141,UNIVERSITAS ANDALAS,SNBP,141046,11411046,ILMU KOMUNIKASI,S1,Tidak Ada,sosial_humaniora,0,0,35,2021,30,831,30,,,,,48,21527,,
141,UNIVERSITAS ANDALAS,SNBP,141046,11411046,ILMU KOMUNIKASI,S1,Tidak Ada,sosial_humaniora,0,0,35,2022,30,882,30,831,,30,30,48,21246,,
141,UNIVERSITAS ANDALAS,SNBP,141046,11411046,ILMU KOMUNIKASI,S1,Tidak Ada,sosial_humaniora,0,0,35,2023,30,715,30,882,831,30,30,53,21653,,
141,UNIVERSITAS ANDALAS,SNBP,141046,11411046,ILMU KOMUNIKASI,S1,Tidak Ada,sosial_humaniora,0,0,35,2024,30,559,30,715,882,30,30,56,18791,,
141,UNIVERSITAS ANDALAS,SNBP,141046,11411046,ILMU KOMUNIKASI,S1,Tidak Ada,sosial_humaniora,0,0,35,2025,30,437,30,559,715,30,30,57,20594,,
141,UNIVERSITAS ANDALAS,SNBP,141047,11411047,MANAJEMEN (KAMPUS 2 PAYAKUMBUH),S1,Tidak Ada,ekonomi,0,0,40,2021,24,176,24,,,,,48,21527,,
141,UNIVERSITAS ANDALAS,SNBP,141047,11411047,MANAJEMEN (KAMPUS 2 PAYAKUMBUH),S1,Tidak Ada,ekonomi,0,0,40,2022,16,171,20,176,,24,24,48,21246,,
141,UNIVERSITAS ANDALAS,SNBP,141047,11411047,MANAJEMEN (KAMPUS 2 PAYAKUMBUH),S1,Tidak Ada,ekonomi,0,0,40,2023,24,187,28,171,176,16,20,53,21653,,
141,UNIVERSITAS ANDALAS,SNBP,141047,11411047,MANAJEMEN (KAMPUS 2 PAYAKUMBUH),S1,Tidak Ada,ekonomi,0,0,40,2024,30,135,30,187,171,24,28,56,18791,,
141,UNIVERSITAS ANDALAS,SNBP,141047,11411047,MANAJEMEN (KAMPUS 2 PAYAKUMBUH),S1,Tidak Ada,ekonomi,0,0,40,2025,40,169,40,135,187,30,30,57,20594,,
141,UNIVERSITAS ANDALAS,SNBP,141048,11411048,EKONOMI PEMBANGUNAN (KAMPUS PAYAKUMBUH),S1,Tidak Ada,ekonomi,0,0,24,2021,24,86,24,,,,,48,21527,,
141,UNIVERSITAS ANDALAS,SNBP,141048,11411048,EKONOMI PEMBANGUNAN (KAMPUS PAYAKUMBUH),S1,Tidak Ada,ekonomi,0,0,24,2022,16,97,21,86,,24,24,48,21246,,
141,UNIVERSITAS ANDALAS,SNBP,141048,11411048,EKONOMI PEMBANGUNAN (KAMPUS PAYAKUMBUH),S1,Tidak Ada,ekonomi,0,0,24,2023,24,108,28,97,86,16,21,53,21653,,
141,UNIVERSITAS ANDALAS,SNBP,141048,11411048,EKONOMI PEMBANGUNAN (KAMPUS PAYAKUMBUH),S1,Tidak Ada,ekonomi,0,0,24,2024,30,82,30,108,97,24,28,56,18791,,
141,UNIVERSITAS ANDALAS,SNBP,141048,11411048,EKONOMI PEMBANGUNAN (KAMPUS PAYAKUMBUH),S1,Tidak Ada,ekonomi,0,0,24,2025,24,84,24,82,108,30,30,57,20594,,
141,UNIVERSITAS ANDALAS,SNBP,141049,11413049,AKUNTANSI,D3,Tidak Ada,ekonomi,0,0,27,2023,25,48,25,,,,,53,21653,,
141,UNIVERSITAS ANDALAS,SNBP,141049,11413049,AKUNTANSI,D3,Tidak Ada,ekonomi,0,0,27,2024,25,82,25,48,,25,25,56,18791,,
141,UNIVERSITAS ANDALAS,SNBP,141049,11413049,AKUNTANSI,D3,Tidak Ada,ekonomi,0,0,27,2025,27,124,27,82,48,25,25,57,20594,,
141,UNIVERSITAS ANDALAS,SNBP,141050,11413050,ADMINISTRASI PERKANTORAN,D3,Tidak Ada,sosial_humaniora,0,0,15,2023,15,110,15,,,,,53,21653,,
141,UNIVERSITAS ANDALAS,SNBP,141050,11413050,ADMINISTRASI PERKANTORAN,D3,Tidak Ada,sosial_humaniora,0,0,15,2024,15,121,15,110,,15,15,56,18791,,
141,UNIVERSITAS ANDALAS,SNBP,141050,11413050,ADMINISTRASI PERKANTORAN,D3,Tidak Ada,sosial_humaniora,0,0,15,2025,15,159,15,121,110,15,15,57,20594,,
141,UNIVERSITAS ANDALAS,SNBP,141051,11413051,PERBANKAN DAN KEUANGAN,D3,Tidak Ada,ekonomi,0,0,30,2023,30,81,30,,,,,53,21653,,
141,UNIVERSITAS ANDALAS,SNBP,141051,11413051,PERBANKAN DAN KEUANGAN,D3,Tidak Ada,ekonomi,0,0,30,2024,35,110,35,81,,30,30,56,18791,,
141,UNIVERSITAS ANDALAS,SNBP,141051,11413051,PERBANKAN DAN KEUANGAN,D3,Tidak Ada,ekonomi,0,0,30,2025,30,130,30,110,81,35,35,57,20594,,
141,UNIVERSITAS ANDALAS,SNBP,141052,11413052,MANAJEMEN PEMASARAN,D3,Tidak Ada,ekonomi,0,0,20,2023,15,43,15,,,,,53,21653,,
141,UNIVERSITAS ANDALAS,SNBP,141052,11413052,MANAJEMEN PEMASARAN,D3,Tidak Ada,ekonomi,0,0,20,2024,15,53,15,43,,15,15,56,18791,,
141,UNIVERSITAS ANDALAS,SNBP,141052,11413052,MANAJEMEN PEMASARAN,D3,Tidak Ada,ekonomi,0,0,20,2025,20,76,20,53,43,15,15,57,20594,,
141,UNIVERSITAS ANDALAS,SNBP,141053,11411053,INFORMATIKA,S1,Tidak Ada,teknik,0,0,23,2023,10,310,10,,,,,53,21653,,
141,UNIVERSITAS ANDALAS,SNBP,141053,11411053,INFORMATIKA,S1,Tidak Ada,teknik,0,0,23,2024,10,378,10,310,,10,10,56,18791,,
141,UNIVERSITAS ANDALAS,SNBP,141053,11411053,INFORMATIKA,S1,Tidak Ada,teknik,0,0,23,2025,20,523,20,378,310,10,10,57,20594,,
141,UNIVERSITAS ANDALAS,SNBP,141054,11411054,ARSITEKTUR,S1,Tidak Ada,teknik,0,0,8,2024,8,124,8,,,,,56,18791,,
141,UNIVERSITAS ANDALAS,SNBP,141054,11411054,ARSITEKTUR,S1,Tidak Ada,teknik,0,0,8,2025,8,123,8,124,,8,8,57,20594,,
141,UNIVERSITAS ANDALAS,SNBP,141055,11411055,EKONOMI ISLAM,S1,Tidak Ada,ekonomi,0,0,18,2024,14,55,14,,,,,56,18791,,
141,UNIVERSITAS ANDALAS,SNBP,141055,11411055,EKONOMI ISLAM,S1,Tidak Ada,ekonomi,0,0,18,2025,18,66,18,55,,14,14,57,20594,,
141,UNIVERSITAS ANDALAS,SNBP,141056,11411056,KEWIRAUSAHAAN,S1,Tidak Ada,ekonomi,0,0,13,2024,8,68,8,,,,,56,18791,,
141,UNIVERSITAS ANDALAS,SNBP,141056,11411056,KEWIRAUSAHAAN,S1,Tidak Ada,ekonomi,0,0,13,2025,13,103,13,68,,8,8,57,20594,,
141,UNIVERSITAS ANDALAS,SNBP,141057,11411057,STATISTIKA DAN SAINS DATA,S1,Tidak Ada,sains,0,0,15,2025,15,184,15,,,,,57,20594,,
141,UNIVERSITAS ANDALAS,SNBP,141058,11411058,ARKEOLOGI,S1,Tidak Ada,sosial_humaniora,0,1,20,,,,,,,,,,,,
141,UNIVERSITAS ANDALAS,SNBP,141059,11411059,NUTRISI DAN TEKNOLOGI PAKAN TERNAK,S1,Tidak Ada,pertanian,0,1,15,,,,,,,,,,,,
141,UNIVERSITAS ANDALAS,SNBT,141001,11411001,AGRIBISNIS,S1,Tidak Ada,pertanian,0,0,83,2021,48,770,,,,,,48,32548,0.7844,11
141,UNIVERSITAS ANDALAS,SNBT,141001,11411001,AGRIBISNIS,S1,Tidak Ada,pertanian,0,0,83,2022,82,800,,770,,48,,48,34782,0.7712,16
141,UNIVERSITAS ANDALAS,SNBT,141001,11411001,AGRIBISNIS,S1,Tidak Ada,pertanian,0,0,83,2023,84,614,,800,770,82,,53,31579,0.741,14
141,UNIVERSITAS ANDALAS,SNBT,141001,11411001,AGRIBISNIS,S1,Tidak Ada,pertanian,0,0,83,2024,83,584,,614,800,84,,56,38523,0.7295,9
141,UNIVERSITAS ANDALAS,SNBT,141001,11411001,AGRIBISNIS,S1,Tidak Ada,pertanian,0,0,83,2025,79,668,,584,614,83,,57,39985,0.7485,12
141,UNIVERSITAS ANDALAS,SNBT,141002,11411002,AGROTEKNOLOGI,S1,Tidak Ada,pertanian,0,0,104,2021,61,492,,,,,,48,32548,0.7439,11
141,UNIVERSITAS ANDALAS,SNBT,141002,11411002,AGROTEKNOLOGI,S1,Tidak Ada,pertanian,0,0,104,2022,82,540,,492,,61,,48,34782,0.6981,11
141,UNIVERSITAS ANDALAS,SNBT,141002,11411002,AGROTEKNOLOGI,S1,Tidak Ada,pertanian,0,0,104,2023,84,449,,540,492,82,,53,31579,0.6682,10
141,UNIVERSITAS ANDALAS,SNBT,141002,11411002,AGROTEKNOLOGI,S1,Tidak Ada,pertanian,0,0,104,2024,91,390,,449,540,84,,56,38523,0.6462,11
141,UNIVERSITAS ANDALAS,SNBT,141002,11411002,AGROTEKNOLOGI,S1,Tidak Ada,pertanian,0,0,104,2025,100,625,,390,449,91,,57,39985,0.6448,15
141,UNIVERSITAS ANDALAS,SNBT,141003,11411003,KEDOKTERAN,S1,Tidak Ada,kesehatan,0,0,88,2021,100,2246,,,,,,48,32548,0.4755,29
141,UNIVERSITAS ANDALAS,SNBT,141003,11411003,KEDOKTERAN,S1,Tidak Ada,kesehatan,0,0,88,2022,100,2756,,2246,,100,,48,34782,0.4579,28
141,UNIVERSITAS ANDALAS,SNBT,141003,11411003,KEDOKTERAN,S1,Tidak Ada,kesehatan,0,0,88,2023,89,2699,,2756,2246,100,,53,31579,0.4742,30
141,UNIVERSITAS ANDALAS,SNBT,141003,11411003,KEDOKTERAN,S1,Tidak Ada,kesehatan,0,0,88,2024,88,2164,,2699,2756,89,,56,38523,0.4866,28
141,UNIVERSITAS ANDALAS,SNBT,141003,11411003,KEDOKTERAN,S1,Tidak Ada,kesehatan,0,0,88,2025,88,2074,,2164,2699,88,,57,39985,0.5024,31
141,UNIVERSITAS ANDALAS,SNBT,141004,11411004,KEPERAWATAN,S1,Tidak Ada,kesehatan,0,0,66,2021,72,1115,,,,,,48,32548,0.7587,17
141,UNIVERSITAS ANDALAS,SNBT,141004,11411004,KEPERAWATAN,S1,Tidak Ada,kesehatan,0,0,66,2022,74,1409,,1115,,72,,48,34782,0.7438,16
141,UNIVERSITAS ANDALAS,SNBT,141004,11411004,KEPERAWATAN,S1,Tidak Ada,kesehatan,0,0,66,2023,64,1104,,1409,1115,74,,53,31579,0.75,17
141,UNIVERSITAS ANDALAS,SNBT,141004,11411004,KEPERAWATAN,S1,Tidak Ada,kesehatan,0,0,66,2024,63,1248,,1104,1409,64,,56,38523,0.7668,20
141,UNIVERSITAS ANDALAS,SNBT,141004,11411004,KEPERAWATAN,S1,Tidak Ada,kesehatan,0,0,66,2025,63,1183,,1248,1104,63,,57,39985,0.7836,16
141,UNIVERSITAS ANDALAS,SNBT,141005,11411005,KESEHATAN MASYARAKAT,S1,Tidak Ada,kesehatan,0,0,75,2021,81,1351,,,,,,48,32548,0.7402,13
141,UNIVERSITAS ANDALAS,SNBT,141005,11411005,KESEHATAN MASYARAKAT,S1,Tidak Ada,kesehatan,0,0,75,2022,80,1508,,1351,,81,,48,34782,0.7215,13
141,UNIVERSITAS ANDALAS,SNBT,141005,11411005,KESEHATAN MASYARAKAT,S1,Tidak Ada,kesehatan,0,0,75,2023,70,1206,,1508,1351,80,,53,31579,0.7197,19
141,UNIVERSITAS ANDALAS,SNBT,141005,11411005,KESEHATAN MASYARAKAT,S1,Tidak Ada,kesehatan,0,0,75,2024,70,1493,,1206,1508,70,,56,38523,0.6946,15
141,UNIVERSITAS ANDALAS,SNBT,141005,11411005,KESEHATAN MASYARAKAT,S1,Tidak Ada,kesehatan,0,0,75,2025,71,1445,,1493,1206,70,,57,39985,0.7093,16
141,UNIVERSITAS ANDALAS,SNBT,141006,11411006,KEDOKTERAN GIGI,S1,Tidak Ada,kesehatan,0,0,30,2021,43,869,,,,,,48,32548,0.4534,21
141,UNIVERSITAS ANDALAS,SNBT,141006,11411006,KEDOKTERAN GIGI,S1,Tidak Ada,kesehatan,0,0,30,2022,40,1111,,869,,43,,48,34782,0.4581,19
141,UNIVERSITAS ANDALAS,SNBT,141006,11411006,KEDOKTERAN GIGI,S1,Tidak Ada,kesehatan,0,0,30,2023,35,920,,1111,869,40,,53,31579,0.4685,19
141,UNIVERSITAS ANDALAS,SNBT,141006,11411006,KEDOKTERAN GIGI,S1,Tidak Ada,kesehatan,0,0,30,2024,35,929,,920,1111,35,,56,38523,0.4758,23
141,UNIVERSITAS ANDALAS,SNBT,141006,11411006,KEDOKTERAN GIGI,S1,Tidak Ada,kesehatan,0,0,30,2025,35,1065,,929,920,35,,57,39985,0.4244,23
141,UNIVERSITAS ANDALAS,SNBT,141007,11411007,KIMIA,S1,Tidak Ada,sains,0,0,50,2021,48,253,,,,,,48,32548,0.8379,9
141,UNIVERSITAS ANDALAS,SNBT,141007,11411007,KIMIA,S1,Tidak Ada,sains,0,0,50,2022,49,256,,253,,48,,48,34782,0.793,10
141,UNIVERSITAS ANDALAS,SNBT,141007,11411007,KIMIA,S1,Tidak Ada,sains,0,0,50,2023,48,161,,256,253,49,,53,31579,0.8447,11
141,UNIVERSITAS ANDALAS,SNBT,141007,11411007,KIMIA,S1,Tidak Ada,sains,0,0,50,2024,52,191,,161,256,48,,56,38523,0.733,10
141,UNIVERSITAS ANDALAS,SNBT,141007,11411007,KIMIA,S1,Tidak Ada,sains,0,0,50,2025,50,226,,191,161,52,,57,39985,0.7345,9
141,UNIVERSITAS ANDALAS,SNBT,141008,11411008,BIOLOGI,S1,Tidak Ada,sains,0,0,51,2021,51,303,,,,,,48,32548,0.703,13
141,UNIVERSITAS ANDALAS,SNBT,141008,11411008,BIOLOGI,S1,Tidak Ada,sains,0,0,51,2022,48,233,,303,,51,,48,34782,0.7511,11
141,UNIVERSITAS ANDALAS,SNBT,141008,11411008,BIOLOGI,S1,Tidak Ada,sains,0,0,51,2023,49,177,,233,303,48,,53,31579,0.6893,14
141,UNIVERSITAS ANDALAS,SNBT,141008,11411008,BIOLOGI,S1,Tidak Ada,sains,0,0,51,2024,53,136,,177,233,49,,56,38523,0.75,11
141,UNIVERSITAS ANDALAS,SNBT,141008,11411008,BIOLOGI,S1,Tidak Ada,sains,0,0,51,2025,52,204,,136,177,53,,57,39985,0.7157,11
141,UNIVERSITAS ANDALAS,SNBT,141009,11411009,MATEMATIKA,S1,Tidak Ada,sains,0,0,50,2021,41,297,,,,,,48,32548,0.7273,11
141,UNIVERSITAS ANDALAS,SNBT,141009,11411009,MATEMATIKA,S1,Tidak Ada,sains,0,0,50,2022,48,239,,297,,41,,48,34782,0.7113,12
141,UNIVERSITAS ANDALAS,SNBT,141009,11411009,MATEMATIKA,S1,Tidak Ada,sains,0,0,50,2023,48,156,,239,297,48,,53,31579,0.6923,10
141,UNIVERSITAS ANDALAS,SNBT,141009,11411009,MATEMATIKA,S1,Tidak Ada,sains,0,0,50,2024,50,116,,156,239,48,,56,38523,0.6897,12
141,UNIVERSITAS ANDALAS,SNBT,141009,11411009,MATEMATIKA,S1,Tidak Ada,sains,0,0,50,2025,51,126,,116,156,50,,57,39985,0.7857,10
141,UNIVERSITAS ANDALAS,SNBT,141010,11411010,FISIKA,S1,Tidak Ada,sains,0,0,50,2021,48,95,,,,,,48,32548,0.8211,8
141,UNIVERSITAS ANDALAS,SNBT,141010,11411010,FISIKA,S1,Tidak Ada,sains,0,0,50,2022,60,116,,95,,48,,48,34782,0.7586,9
141,UNIVERSITAS ANDALAS,SNBT,141010,11411010,FISIKA,S1,Tidak Ada,sains,0,0,50,2023,50,90,,116,95,60,,53,31579,0.7333,8
141,UNIVERSITAS ANDALAS,SNBT,141010,11411010,FISIKA,S1,Tidak Ada,sains,0,0,50,2024,53,57,,90,116,50,,56,38523,0.614,9
141,UNIVERSITAS ANDALAS,SNBT,141010,11411010,FISIKA,S1,Tidak Ada,sains,0,0,50,2025,56,80,,57,90,53,,57,39985,0.675,11
141,UNIVERSITAS ANDALAS,SNBT,141011,11411011,TEKNIK KOMPUTER,S1,Tidak Ada,teknik,0,0,50,2021,34,778,,,,,,48,32548,0.7995,16
141,UNIVERSITAS ANDALAS,SNBT,141011,11411011,TEKNIK KOMPUTER,S1,Tidak Ada,teknik,0,0,50,2022,40,914,,778,,34,,48,34782,0.7954,15
141,UNIVERSITAS ANDALAS,SNBT,141011,11411011,TEKNIK KOMPUTER,S1,Tidak Ada,teknik,0,0,50,2023,40,640,,914,778,40,,53,31579,0.7469,15
141,UNIVERSITAS ANDALAS,SNBT,141011,11411011,TEKNIK KOMPUTER,S1,Tidak Ada,teknik,0,0,50,2024,41,645,,640,914,40,,56,38523,0.7752,14
141,UNIVERSITAS ANDALAS,SNBT,141011,11411011,TEKNIK KOMPUTER,S1,Tidak Ada,teknik,0,0,50,2025,50,662,,645,640,41,,57,39985,0.7538,13
141,UNIVERSITAS ANDALAS,SNBT,141012,11411012,PETERNAKAN,S1,Tidak Ada,pertanian,0,0,172,2021,145,673,,,,,,48,32548,0.8098,13
141,UNIVERSITAS ANDALAS,SNBT,141012,11411012,PETERNAKAN,S1,Tidak Ada,pertanian,0,0,172,2022,165,598,,673,,145,,48,34782,0.801,13
141,UNIVERSITAS ANDALAS,SNBT,141012,11411012,PETERNAKAN,S1,Tidak Ada,pertanian,0,0,172,2023,177,568,,598,673,165,,53,31579,0.8011,14
141,UNIVERSITAS ANDALAS,SNBT,141012,11411012,PETERNAKAN,S1,Tidak Ada,pertanian,0,0,172,2024,178,464,,568,598,177,,56,38523,0.8599,11
141,UNIVERSITAS ANDALAS,SNBT,141012,11411012,PETERNAKAN,S1,Tidak Ada,pertanian,0,0,172,2025,173,522,,464,568,178,,57,39985,0.8008,12
141,UNIVERSITAS ANDALAS,SNBT,141013,11411013,TEKNIK MESIN,S1,Tidak Ada,teknik,0,0,60,2021,60,637,,,,,,48,32548,0.7739,15
141,UNIVERSITAS ANDALAS,SNBT,141013,11411013,TEKNIK MESIN,S1,Tidak Ada,teknik,0,0,60,2022,61,634,,637,,60,,48,34782,0.7808,13
141,UNIVERSITAS ANDALAS,SNBT,141013,11411013,TEKNIK MESIN,S1,Tidak Ada,teknik,0,0,60,2023,60,601,,634,637,61,,53,31579,0.7188,14
141,UNIVERSITAS ANDALAS,SNBT,141013,11411013,TEKNIK MESIN,S1,Tidak Ada,teknik,0,0,60,2024,60,732,,601,634,60,,56,38523,0.7937,12
141,UNIVERSITAS ANDALAS,SNBT,141013,11411013,TEKNIK MESIN,S1,Tidak Ada,teknik,0,0,60,2025,60,884,,732,601,60,,57,39985,0.7172,14
141,UNIVERSITAS ANDALAS,SNBT,141014,11411014,TEKNIK SIPIL,S1,Tidak Ada,teknik,0,0,71,2021,72,1141,,,,,,48,32548,0.752,16
141,UNIVERSITAS ANDALAS,SNBT,141014,11411014,TEKNIK SIPIL,S1,Tidak Ada,teknik,0,0,71,2022,72,1046,,1141,,72,,48,34782,0.7467,14
141,UNIVERSITAS ANDALAS,SNBT,141014,11411014,TEKNIK SIPIL,S1,Tidak Ada,teknik,0,0,71,2023,72,958,,1046,1141,72,,53,31579,0.7004,13
141,UNIVERSITAS ANDALAS,SNBT,141014,11411014,TEKNIK SIPIL,S1,Tidak Ada,teknik,0,0,71,2024,70,1094,,958,1046,72,,56,38523,0.7358,17
141,UNIVERSITAS ANDALAS,SNBT,141014,11411014,TEKNIK SIPIL,S1,Tidak Ada,teknik,0,0,71,2025,65,1045,,1094,958,70,,57,39985,0.7598,15
141,UNIVERSITAS ANDALAS,SNBT,141015,11411015,TEKNIK INDUSTRI,S1,Tidak Ada,teknik,0,0,51,2021,52,878,,,,,,48,32548,0.7062,16
141,UNIVERSITAS ANDALAS,SNBT,141015,11411015,TEKNIK INDUSTRI,S1,Tidak Ada,teknik,0,0,51,2022,52,967,,878,,52,,48,34782,0.7011,17
141,UNIVERSITAS ANDALAS,SNBT,141015,11411015,TEKNIK INDUSTRI,S1,Tidak Ada,teknik,0,0,51,2023,53,1057,,967,878,52,,53,31579,0.6566,18
141,UNIVERSITAS ANDALAS,SNBT,141015,11411015,TEKNIK INDUSTRI,S1,Tidak Ada,teknik,0,0,51,2024,52,1113,,1057,967,53,,56,38523,0.7008,14
141,UNIVERSITAS ANDALAS,SNBT,141015,11411015,TEKNIK INDUSTRI,S1,Tidak Ada,teknik,0,0,51,2025,50,1372,,1113,1057,52,,57,39985,0.6793,16
141,UNIVERSITAS ANDALAS,SNBT,141016,11411016,TEKNIK LINGKUNGAN,S1,Tidak Ada,teknik,0,0,64,2021,48,699,,,,,,48,32548,0.7568,14
141,UNIVERSITAS ANDALAS,SNBT,141016,11411016,TEKNIK LINGKUNGAN,S1,Tidak Ada,teknik,0,0,64,2022,48,599,,699,,48,,48,34782,0.7312,16
141,UNIVERSITAS ANDALAS,SNBT,141016,11411016,TEKNIK LINGKUNGAN,S1,Tidak Ada,teknik,0,0,64,2023,52,587,,599,699,48,,53,31579,0.6695,12
141,UNIVERSITAS ANDALAS,SNBT,141016,11411016,TEKNIK LINGKUNGAN,S1,Tidak Ada,teknik,0,0,64,2024,50,613,,587,599,52,,56,38523,0.7031,15
141,UNIVERSITAS ANDALAS,SNBT,141016,11411016,TEKNIK LINGKUNGAN,S1,Tidak Ada,teknik,0,0,64,2025,64,899,,613,587,50,,57,39985,0.6963,13
141,UNIVERSITAS ANDALAS,SNBT,141017,11411017,TEKNIK ELEKTRO,S1,Tidak Ada,teknik,0,0,70,2021,60,645,,,,,,48,32548,0.7798,12
141,UNIVERSITAS ANDALAS,SNBT,141017,11411017,TEKNIK ELEKTRO,S1,Tidak Ada,teknik,0,0,70,2022,61,632,,645,,60,,48,34782,0.7753,12
141,UNIVERSITAS ANDALAS,SNBT,141017,11411017,TEKNIK ELEKTRO,S1,Tidak Ada,teknik,0,0,70,2023,69,566,,632,645,61,,53,31579,0.7226,14
141,UNIVERSITAS ANDALAS,SNBT,141017,11411017,TEKNIK ELEKTRO,S1,Tidak Ada,teknik,0,0,70,2024,70,633,,566,632,69,,56,38523,0.7599,13
141,UNIVERSITAS ANDALAS,SNBT,141017,11411017,TEKNIK ELEKTRO,S1,Tidak Ada,teknik,0,0,70,2025,70,815,,633,566,70,,57,39985,0.7313,13
141,UNIVERSITAS ANDALAS,SNBT,141018,11411018,FARMASI,S1,Tidak Ada,kesehatan,0,0,70,2021,60,2134,,,,,,48,32548,0.5197,22
141,UNIVERSITAS ANDALAS,SNBT,141018,11411018,FARMASI,S1,Tidak Ada,kesehatan,0,0,70,2022,68,2458,,2134,,60,,48,34782,0.5199,25
141,UNIVERSITAS ANDALAS,SNBT,141018,11411018,FARMASI,S1,Tidak Ada,kesehatan,0,0,70,2023,68,2159,,2458,2134,68,,53,31579,0.4928,20
141,UNIVERSITAS ANDALAS,SNBT,141018,11411018,FARMASI,S1,Tidak Ada,kesehatan,0,0,70,2024,71,2196,,2159,2458,68,,56,38523,0.5578,21
141,UNIVERSITAS ANDALAS,SNBT,141018,11411018,FARMASI,S1,Tidak Ada,kesehatan,0,0,70,2025,63,2024,,2196,2159,71,,57,39985,0.5771,21
141,UNIVERSITAS ANDALAS,SNBT,141019,11411019,TEKNIK PERTANIAN DAN BIOSISTEM,S1,Tidak Ada,pertanian,0,0,60,2021,46,229,,,,,,48,32548,0.8035,12
141,UNIVERSITAS ANDALAS,SNBT,141019,11411019,TEKNIK PERTANIAN DAN BIOSISTEM,S1,Tidak Ada,pertanian,0,0,60,2022,52,276,,229,,46,,48,34782,0.8333,8
141,UNIVERSITAS ANDALAS,SNBT,141019,11411019,TEKNIK PERTANIAN DAN BIOSISTEM,S1,Tidak Ada,pertanian,0,0,60,2023,50,249,,276,229,52,,53,31579,0.7189,10
141,UNIVERSITAS ANDALAS,SNBT,141019,11411019,TEKNIK PERTANIAN DAN BIOSISTEM,S1,Tidak Ada,pertanian,0,0,60,2024,49,227,,249,276,50,,56,38523,0.7445,11
141,UNIVERSITAS ANDALAS,SNBT,141019,11411019,TEKNIK PERTANIAN DAN BIOSISTEM,S1,Tidak Ada,pertanian,0,0,60,2025,57,341,,227,249,49,,57,39985,0.7507,11
141,UNIVERSITAS ANDALAS,SNBT,141020,11411020,TEKNOLOGI PANGAN DAN HASIL PERTANIAN,S1,Tidak Ada,pertanian,0,0,50,2021,46,309,,,,,,48,32548,0.8382,10
141,UNIVERSITAS ANDALAS,SNBT,141020,11411020,TEKNOLOGI PANGAN DAN HASIL PERTANIAN,S1,Tidak Ada,pertanian,0,0,50,2022,50,233,,309,,46,,48,34782,0.8455,10
141,UNIVERSITAS ANDALAS,SNBT,141020,11411020,TEKNOLOGI PANGAN DAN HASIL PERTANIAN,S1,Tidak Ada,pertanian,0,0,50,2023,57,249,,233,309,50,,53,31579,0.7711,10
141,UNIVERSITAS ANDALAS,SNBT,141020,11411020,TEKNOLOGI PANGAN DAN HASIL PERTANIAN,S1,Tidak Ada,pertanian,0,0,50,2024,53,209,,249,233,57,,56,38523,0.8086,12
141,UNIVERSITAS ANDALAS,SNBT,141020,11411020,TEKNOLOGI PANGAN DAN HASIL PERTANIAN,S1,Tidak Ada,pertanian,0,0,50,2025,50,463,,209,249,53,,57,39985,0.7603,12
141,UNIVERSITAS ANDALAS,SNBT,141021,11411021,SISTEM INFORMASI,S1,Tidak Ada,teknik,0,0,48,2021,35,1079,,,,,,48,32548,0.7683,16
141,UNIVERSITAS ANDALAS,SNBT,141021,11411021,SISTEM INFORMASI,S1,Tidak Ada,teknik,0,0,48,2022,40,1174,,1079,,35,,48,34782,0.77,17
141,UNIVERSITAS ANDALAS,SNBT,141021,11411021,SISTEM INFORMASI,S1,Tidak Ada,teknik,0,0,48,2023,41,963,,1174,1079,40,,53,31579,0.7539,14
141,UNIVERSITAS ANDALAS,SNBT,141021,11411021,SISTEM INFORMASI,S1,Tidak Ada,teknik,0,0,48,2024,41,1170,,963,1174,41,,56,38523,0.7496,13
141,UNIVERSITAS ANDALAS,SNBT,141021,11411021,SISTEM INFORMASI,S1,Tidak Ada,teknik,0,0,48,2025,50,989,,1170,963,41,,57,39985,0.7654,18
141,UNIVERSITAS ANDALAS,SNBT,141022,11411022,PSIKOLOGI,S1,Tidak Ada,sosial_humaniora,0,0,52,2021,60,1282,,,,,,48,32548,0.5616,23
141,UNIVERSITAS ANDALAS,SNBT,141022,11411022,PSIKOLOGI,S1,Tidak Ada,sosial_humaniora,0,0,52,2022,61,1392,,1282,,60,,48,34782,0.5352,23
141,UNIVERSITAS ANDALAS,SNBT,141022,11411022,PSIKOLOGI,S1,Tidak Ada,sosial_humaniora,0,0,52,2023,54,1229,,1392,1282,61,,53,31579,0.572,22
141,UNIVERSITAS ANDALAS,SNBT,141022,11411022,PSIKOLOGI,S1,Tidak Ada,sosial_humaniora,0,0,52,2024,53,1163,,1229,1392,54,,56,38523,0.5752,23
141,UNIVERSITAS ANDALAS,SNBT,141022,11411022,PSIKOLOGI,S1,Tidak Ada,sosial_humaniora,0,0,52,2025,52,888,,1163,1229,53,,57,39985,0.5833,19
141,UNIVERSITAS ANDALAS,SNBT,141023,11411023,ILMU TANAH,S1,Tidak Ada,pertanian,0,0,57,2021,49,236,,,,,,48,32548,0.8263,9
141,UNIVERSITAS ANDALAS,SNBT,141023,11411023,ILMU TANAH,S1,Tidak Ada,pertanian,0,0,57,2022,60,297,,236,,49,,48,34782,0.7811,11
141,UNIVERSITAS ANDALAS,SNBT,141023,11411023,ILMU TANAH,S1,Tidak Ada,pertanian,0,0,57,2023,58,219,,297,236,60,,53,31579,0.79,11
141,UNIVERSITAS ANDALAS,SNBT,141023,11411023,ILMU TANAH,S1,Tidak Ada,pertanian,0,0,57,2024,61,204,,219,297,58,,56,38523,0.799,6
141,UNIVERSITAS ANDALAS,SNBT,141023,11411023,ILMU TANAH,S1,Tidak Ada,pertanian,0,0,57,2025,57,215,,204,219,61,,57,39985,0.8279,12
141,UNIVERSITAS ANDALAS,SNBT,141024,11411024,AGROEKOTEKNOLOGI,S1,Tidak Ada,pertanian,0,0,67,2021,67,499,,,,,,48,32548,0.5411,14
141,UNIVERSITAS ANDALAS,SNBT,141024,11411024,AGROEKOTEKNOLOGI,S1,Tidak Ada,pertanian,0,0,67,2022,75,182,,499,,67,,48,34782,0.6429,10
141,UNIVERSITAS ANDALAS,SNBT,141024,11411024,AGROEKOTEKNOLOGI,S1,Tidak Ada,pertanian,0,0,67,2023,77,182,,182,499,75,,53,31579,0.5989,8
141,UNIVERSITAS ANDALAS,SNBT,141024,11411024,AGROEKOTEKNOLOGI,S1,Tidak Ada,pertanian,0,0,67,2024,68,151,,182,182,77,,56,38523,0.6424,8
141,UNIVERSITAS ANDALAS,SNBT,141024,11411024,AGROEKOTEKNOLOGI,S1,Tidak Ada,pertanian,0,0,67,2025,75,179,,151,182,68,,57,39985,0.5642,11
141,UNIVERSITAS ANDALAS,SNBT,141025,11411025,PETERNAKAN ( KAMPUS II PAYAKUMBUH),S1,Tidak Ada,pertanian,0,0,60,2021,40,129,,,,,,48,32548,0.8062,7
141,UNIVERSITAS ANDALAS,SNBT,141025,11411025,PETERNAKAN ( KAMPUS II PAYAKUMBUH),S1,Tidak Ada,pertanian,0,0,60,2022,50,139,,129,,40,,48,34782,0.8273,7
141,UNIVERSITAS ANDALAS,SNBT,141025,11411025,PETERNAKAN ( KAMPUS II PAYAKUMBUH),S1,Tidak Ada,pertanian,0,0,60,2023,60,111,,139,129,50,,53,31579,0.8739,6
141,UNIVERSITAS ANDALAS,SNBT,141025,11411025,PETERNAKAN ( KAMPUS II PAYAKUMBUH),S1,Tidak Ada,pertanian,0,0,60,2024,56,97,,111,139,60,,56,38523,0.866,4
141,UNIVERSITAS ANDALAS,SNBT,141025,11411025,PETERNAKAN ( KAMPUS II PAYAKUMBUH),S1,Tidak Ada,pertanian,0,0,60,2025,57,131,,97,111,56,,57,39985,0.8626,7
141,UNIVERSITAS ANDALAS,SNBT,141026,11411026,KEBIDANAN,S1,Tidak Ada,kesehatan,0,0,35,2021,32,611,,,,,,48,32548,0.6367,14
141,UNIVERSITAS ANDALAS,SNBT,141026,11411026,KEBIDANAN,S1,Tidak Ada,kesehatan,0,0,35,2022,40,808,,611,,32,,48,34782,0.6349,17
141,UNIVERSITAS ANDALAS,SNBT,141026,11411026,KEBIDANAN,S1,Tidak Ada,kesehatan,0,0,35,2023,36,550,,808,611,40,,53,31579,0.6527,16
141,UNIVERSITAS ANDALAS,SNBT,141026,11411026,KEBIDANAN,S1,Tidak Ada,kesehatan,0,0,35,2024,36,608,,550,808,36,,56,38523,0.6809,14
141,UNIVERSITAS ANDALAS,SNBT,141026,11411026,KEBIDANAN,S1,Tidak Ada,kesehatan,0,0,35,2025,35,551,,608,550,36,,57,39985,0.6697,14
141,UNIVERSITAS ANDALAS,SNBT,141027,11411027,GIZI,S1,Tidak Ada,kesehatan,0,0,53,2021,40,968,,,,,,48,32548,0.6219,15
141,UNIVERSITAS ANDALAS,SNBT,141027,11411027,GIZI,S1,Tidak Ada,kesehatan,0,0,53,2022,48,993,,968,,40,,48,34782,0.6294,17
141,UNIVERSITAS ANDALAS,SNBT,141027,11411027,GIZI,S1,Tidak Ada,kesehatan,0,0,53,2023,42,1038,,993,968,48,,53,31579,0.6127,17
141,UNIVERSITAS ANDALAS,SNBT,141027,11411027,GIZI,S1,Tidak Ada,kesehatan,0,0,53,2024,42,861,,1038,993,42,,56,38523,0.6179,13
141,UNIVERSITAS ANDALAS,SNBT,141027,11411027,GIZI,S1,Tidak Ada,kesehatan,0,0,53,2025,53,1027,,861,1038,42,,57,39985,0.6426,18
141,UNIVERSITAS ANDALAS,SNBT,141028,11411028,PROTEKSI TANAMAN,S1,Tidak Ada,pertanian,0,0,79,2021,57,161,,,,,,48,32548,0.8634,8
141,UNIVERSITAS ANDALAS,SNBT,141028,11411028,PROTEKSI TANAMAN,S1,Tidak Ada,pertanian,0,0,79,2022,70,214,,161,,57,,48,34782,0.8458,6
141,UNIVERSITAS ANDALAS,SNBT,141028,11411028,PROTEKSI TANAMAN,S1,Tidak Ada,pertanian,0,0,79,2023,53,125,,214,161,70,,53,31579,0.76,7
141,UNIVERSITAS ANDALAS,SNBT,141028,11411028,PROTEKSI TANAMAN,S1,Tidak Ada,pertanian,0,0,79,2024,83,158,,125,214,53,,56,38523,0.7911,8
141,UNIVERSITAS ANDALAS,SNBT,141028,11411028,PROTEKSI TANAMAN,S1,Tidak Ada,pertanian,0,0,79,2025,77,175,,158,125,83,,57,39985,0.7943,8
141,UNIVERSITAS ANDALAS,SNBT,141029,11411029,PENYULUHAN PERTANIAN,S1,Tidak Ada,pertanian,0,0,22,2021,16,143,,,,,,48,32548,0.8881,6
141,UNIVERSITAS ANDALAS,SNBT,141029,11411029,PENYULUHAN PERTANIAN,S1,Tidak Ada,pertanian,0,0,22,2022,30,164,,143,,16,,48,34782,0.8232,7
141,UNIVERSITAS ANDALAS,SNBT,141029,11411029,PENYULUHAN PERTANIAN,S1,Tidak Ada,pertanian,0,0,22,2023,24,141,,164,143,30,,53,31579,0.8369,9
141,UNIVERSITAS ANDALAS,SNBT,141029,11411029,PENYULUHAN PERTANIAN,S1,Tidak Ada,pertanian,0,0,22,2024,23,145,,141,164,24,,56,38523,0.8414,6
141,UNIVERSITAS ANDALAS,SNBT,141029,11411029,PENYULUHAN PERTANIAN,S1,Tidak Ada,pertanian,0,0,22,2025,22,132,,145,141,23,,57,39985,0.8485,7
141,UNIVERSITAS ANDALAS,SNBT,141030,11411030,TEKNOLOGI INDUSTRI PERTANIAN,S1,Tidak Ada,pertanian,0,0,40,2021,34,272,,,,,,48,32548,0.8015,10
141,UNIVERSITAS ANDALAS,SNBT,141030,11411030,TEKNOLOGI INDUSTRI PERTANIAN,S1,Tidak Ada,pertanian,0,0,40,2022,32,287,,272,,34,,48,34782,0.8537,8
141,UNIVERSITAS ANDALAS,SNBT,141030,11411030,TEKNOLOGI INDUSTRI PERTANIAN,S1,Tidak Ada,pertanian,0,0,40,2023,35,203,,287,272,32,,53,31579,0.798,7
141,UNIVERSITAS ANDALAS,SNBT,141030,11411030,TEKNOLOGI INDUSTRI PERTANIAN,S1,Tidak Ada,pertanian,0,0,40,2024,43,202,,203,287,35,,56,38523,0.7574,8
141,UNIVERSITAS ANDALAS,SNBT,141030,11411030,TEKNOLOGI INDUSTRI PERTANIAN,S1,Tidak Ada,pertanian,0,0,40,2025,41,263,,202,203,43,,57,39985,0.7757,13
141,UNIVERSITAS ANDALAS,SNBT,141031,11411031,ILMU BIOMEDIS,S1,Tidak Ada,kesehatan,0,0,20,2021,16,388,,,,,,48,32548,0.7242,14
141,UNIVERSITAS ANDALAS,SNBT,141031,11411031,ILMU BIOMEDIS,S1,Tidak Ada,kesehatan,0,0,20,2022,20,675,,388,,16,,48,34782,0.717,18
141,UNIVERSITAS ANDALAS,SNBT,141031,11411031,ILMU BIOMEDIS,S1,Tidak Ada,kesehatan,0,0,20,2023,18,408,,675,388,20,,53,31579,0.6765,16
141,UNIVERSITAS ANDALAS,SNBT,141031,11411031,ILMU BIOMEDIS,S1,Tidak Ada,kesehatan,0,0,20,2024,18,341,,408,675,18,,56,38523,0.7507,14
141,UNIVERSITAS ANDALAS,SNBT,141031,11411031,ILMU BIOMEDIS,S1,Tidak Ada,kesehatan,0,0,20,2025,20,535,,341,408,18,,57,39985,0.7252,14
141,UNIVERSITAS ANDALAS,SNBT,141032,11411032,EKONOMI,S1,Tidak Ada,ekonomi,0,0,65,2021,58,479,,,,,,48,32548,0.8225,16
141,UNIVERSITAS ANDALAS,SNBT,141032,11411032,EKONOMI,S1,Tidak Ada,ekonomi,0,0,65,2022,60,574,,479,,58,,48,34782,0.8415,14
141,UNIVERSITAS ANDALAS,SNBT,141032,11411032,EKONOMI,S1,Tidak Ada,ekonomi,0,0,65,2023,67,538,,574,479,60,,53,31579,0.8309,13
141,UNIVERSITAS ANDALAS,SNBT,141032,11411032,EKONOMI,S1,Tidak Ada,ekonomi,0,0,65,2024,65,516,,538,574,67,,56,38523,0.8062,14
141,UNIVERSITAS ANDALAS,SNBT,141032,11411032,EKONOMI,S1,Tidak Ada,ekonomi,0,0,65,2025,65,489,,516,538,65,,57,39985,0.816,12
141,UNIVERSITAS ANDALAS,SNBT,141033,11411033,HUKUM,S1,Tidak Ada,sosial_humaniora,0,0,227,2021,244,2117,,,,,,48,32548,0.7917,21
141,UNIVERSITAS ANDALAS,SNBT,141033,11411033,HUKUM,S1,Tidak Ada,sosial_humaniora,0,0,227,2022,241,2201,,2117,,244,,48,34782,0.7697,21
141,UNIVERSITAS ANDALAS,SNBT,141033,11411033,HUKUM,S1,Tidak Ada,sosial_humaniora,0,0,227,2023,225,2073,,2201,2117,241,,53,31579,0.7569,24
141,UNIVERSITAS ANDALAS,SNBT,141033,11411033,HUKUM,S1,Tidak Ada,sosial_humaniora,0,0,227,2024,223,2175,,2073,2201,225,,56,38523,0.7789,21
141,UNIVERSITAS ANDALAS,SNBT,141033,11411033,HUKUM,S1,Tidak Ada,sosial_humaniora,0,0,227,2025,222,2248,,2175,2073,223,,57,39985,0.7518,22
141,UNIVERSITAS ANDALAS,SNBT,141034,11411034,SEJARAH,S1,Tidak Ada,sosial_humaniora,0,0,66,2021,37,172,,,,,,48,32548,0.7267,13
141,UNIVERSITAS ANDALAS,SNBT,141034,11411034,SEJARAH,S1,Tidak Ada,sosial_humaniora,0,0,66,2022,60,166,,172,,37,,48,34782,0.7349,11
141,UNIVERSITAS ANDALAS,SNBT,141034,11411034,SEJARAH,S1,Tidak Ada,sosial_humaniora,0,0,66,2023,53,121,,166,172,60,,53,31579,0.7686,9
141,UNIVERSITAS ANDALAS,SNBT,141034,11411034,SEJARAH,S1,Tidak Ada,sosial_humaniora,0,0,66,2024,58,100,,121,166,53,,56,38523,0.77,6
141,UNIVERSITAS ANDALAS,SNBT,141034,11411034,SEJARAH,S1,Tidak Ada,sosial_humaniora,0,0,66,2025,55,129,,100,121,58,,57,39985,0.7519,7
141,UNIVERSITAS ANDALAS,SNBT,141035,11411035,SOSIOLOGI,S1,Tidak Ada,sosial_humaniora,0,0,46,2021,50,480,,,,,,48,32548,0.8333,11
141,UNIVERSITAS ANDALAS,SNBT,141035,11411035,SOSIOLOGI,S1,Tidak Ada,sosial_humaniora,0,0,46,2022,50,430,,480,,50,,48,34782,0.8512,10
141,UNIVERSITAS ANDALAS,SNBT,141035,11411035,SOSIOLOGI,S1,Tidak Ada,sosial_humaniora,0,0,46,2023,51,250,,430,480,50,,53,31579,0.796,10
141,UNIVERSITAS ANDALAS,SNBT,141035,11411035,SOSIOLOGI,S1,Tidak Ada,sosial_humaniora,0,0,46,2024,51,228,,250,430,51,,56,38523,0.8421,11
141,UNIVERSITAS ANDALAS,SNBT,141035,11411035,SOSIOLOGI,S1,Tidak Ada,sosial_humaniora,0,0,46,2025,48,262,,228,250,51,,57,39985,0.8397,13
141,UNIVERSITAS ANDALAS,SNBT,141036,11411036,ANTROPOLOGI SOSIAL,S1,Tidak Ada,sosial_humaniora,0,0,43,2021,40,309,,,,,,48,32548,0.8026,10
141,UNIVERSITAS ANDALAS,SNBT,141036,11411036,ANTROPOLOGI SOSIAL,S1,Tidak Ada,sosial_humaniora,0,0,43,2022,41,296,,309,,40,,48,34782,0.8547,12
141,UNIVERSITAS ANDALAS,SNBT,141036,11411036,ANTROPOLOGI SOSIAL,S1,Tidak Ada,sosial_humaniora,0,0,43,2023,44,256,,296,309,41,,53,31579,0.75,13
141,UNIVERSITAS ANDALAS,SNBT,141036,11411036,ANTROPOLOGI SOSIAL,S1,Tidak Ada,sosial_humaniora,0,0,43,2024,43,246,,256,296,44,,56,38523,0.8252,8
141,UNIVERSITAS ANDALAS,SNBT,141036,11411036,ANTROPOLOGI SOSIAL,S1,Tidak Ada,sosial_humaniora,0,0,43,2025,42,199,,246,256,43,,57,39985,0.7889,9
141,UNIVERSITAS ANDALAS,SNBT,141037,11411037,MANAJEMEN,S1,Tidak Ada,ekonomi,0,0,90,2021,68,1693,,,,,,48,32548,0.772,21
141,UNIVERSITAS ANDALAS,SNBT,141037,11411037,MANAJEMEN,S1,Tidak Ada,ekonomi,0,0,90,2022,80,1821,,1693,,68,,48,34782,0.7979,19
141,UNIVERSITAS ANDALAS,SNBT,141037,11411037,MANAJEMEN,S1,Tidak Ada,ekonomi,0,0,90,2023,91,1640,,1821,1693,80,,53,31579,0.764,18
141,UNIVERSITAS ANDALAS,SNBT,141037,11411037,MANAJEMEN,S1,Tidak Ada,ekonomi,0,0,90,2024,90,1746,,1640,1821,91,,56,38523,0.7944,18
141,UNIVERSITAS ANDALAS,SNBT,141037,11411037,MANAJEMEN,S1,Tidak Ada,ekonomi,0,0,90,2025,90,1329,,1746,1640,90,,57,39985,0.7886,18
141,UNIVERSITAS ANDALAS,SNBT,141038,11411038,AKUNTANSI,S1,Tidak Ada,ekonomi,0,0,91,2021,72,900,,,,,,48,32548,0.76,21
141,UNIVERSITAS ANDALAS,SNBT,141038,11411038,AKUNTANSI,S1,Tidak Ada,ekonomi,0,0,91,2022,80,926,,900,,72,,48,34782,0.7333,14
141,UNIVERSITAS ANDALAS,SNBT,141038,11411038,AKUNTANSI,S1,Tidak Ada,ekonomi,0,0,91,2023,90,1240,,926,900,80,,53,31579,0.729,13
141,UNIVERSITAS ANDALAS,SNBT,141038,11411038,AKUNTANSI,S1,Tidak Ada,ekonomi,0,0,91,2024,90,1197,,1240,926,90,,56,38523,0.7544,18
141,UNIVERSITAS ANDALAS,SNBT,141038,11411038,AKUNTANSI,S1,Tidak Ada,ekonomi,0,0,91,2025,90,1168,,1197,1240,90,,57,39985,0.7414,16
141,UNIVERSITAS ANDALAS,SNBT,141039,11411039,ILMU POLITIK,S1,Tidak Ada,sosial_humaniora,0,0,47,2021,42,502,,,,,,48,32548,0.7829,13
141,UNIVERSITAS ANDALAS,SNBT,141039,11411039,ILMU POLITIK,S1,Tidak Ada,sosial_humaniora,0,0,47,2022,42,451,,502,,42,,48,34782,0.8381,14
141,UNIVERSITAS ANDALAS,SNBT,141039,11411039,ILMU POLITIK,S1,Tidak Ada,sosial_humaniora,0,0,47,2023,41,309,,451,502,42,,53,31579,0.7702,12
141,UNIVERSITAS ANDALAS,SNBT,141039,11411039,ILMU POLITIK,S1,Tidak Ada,sosial_humaniora,0,0,47,2024,37,225,,309,451,41,,56,38523,0.7422,12
141,UNIVERSITAS ANDALAS,SNBT,141039,11411039,ILMU POLITIK,S1,Tidak Ada,sosial_humaniora,0,0,47,2025,35,266,,225,309,37,,57,39985,0.7895,12
141,UNIVERSITAS ANDALAS,SNBT,141040,11411040,ADMINISTRASI PUBLIK,S1,Tidak Ada,sosial_humaniora,0,0,47,2021,41,749,,,,,,48,32548,0.8638,16
141,UNIVERSITAS ANDALAS,SNBT,141040,11411040,ADMINISTRASI PUBLIK,S1,Tidak Ada,sosial_humaniora,0,0,47,2022,48,799,,749,,41,,48,34782,0.8548,14
141,UNIVERSITAS ANDALAS,SNBT,141040,11411040,ADMINISTRASI PUBLIK,S1,Tidak Ada,sosial_humaniora,0,0,47,2023,37,667,,799,749,48,,53,31579,0.8381,12
141,UNIVERSITAS ANDALAS,SNBT,141040,11411040,ADMINISTRASI PUBLIK,S1,Tidak Ada,sosial_humaniora,0,0,47,2024,35,806,,667,799,37,,56,38523,0.8772,13
141,UNIVERSITAS ANDALAS,SNBT,141040,11411040,ADMINISTRASI PUBLIK,S1,Tidak Ada,sosial_humaniora,0,0,47,2025,40,866,,806,667,35,,57,39985,0.8048,12
141,UNIVERSITAS ANDALAS,SNBT,141041,11411041,SASTRA INDONESIA,S1,Tidak Ada,sosial_humaniora,0,0,49,2021,55,282,,,,,,48,32548,0.7376,13
141,UNIVERSITAS ANDALAS,SNBT,141041,11411041,SASTRA INDONESIA,S1,Tidak Ada,sosial_humaniora,0,0,49,2022,48,204,,282,,55,,48,34782,0.7696,11
141,UNIVERSITAS ANDALAS,SNBT,141041,11411041,SASTRA INDONESIA,S1,Tidak Ada,sosial_humaniora,0,0,49,2023,52,169,,204,282,48,,53,31579,0.7515,13
141,UNIVERSITAS ANDALAS,SNBT,141041,11411041,SASTRA INDONESIA,S1,Tidak Ada,sosial_humaniora,0,0,49,2024,55,139,,169,204,52,,56,38523,0.8129,10
141,UNIVERSITAS ANDALAS,SNBT,141041,11411041,SASTRA INDONESIA,S1,Tidak Ada,sosial_humaniora,0,0,49,2025,51,137,,139,169,55,,57,39985,0.7372,9
141,UNIVERSITAS ANDALAS,SNBT,141042,11411042,SASTRA INGGRIS,S1,Tidak Ada,sosial_humaniora,0,0,63,2021,48,504,,,,,,48,32548,0.75,14
141,UNIVERSITAS ANDALAS,SNBT,141042,11411042,SASTRA INGGRIS,S1,Tidak Ada,sosial_humaniora,0,0,63,2022,60,433,,504,,48,,48,34782,0.6905,14
141,UNIVERSITAS ANDALAS,SNBT,141042,11411042,SASTRA INGGRIS,S1,Tidak Ada,sosial_humaniora,0,0,63,2023,61,355,,433,504,60,,53,31579,0.6535,14
141,UNIVERSITAS ANDALAS,SNBT,141042,11411042,SASTRA INGGRIS,S1,Tidak Ada,sosial_humaniora,0,0,63,2024,66,302,,355,433,61,,56,38523,0.6689,14
141,UNIVERSITAS ANDALAS,SNBT,141042,11411042,SASTRA INGGRIS,S1,Tidak Ada,sosial_humaniora,0,0,63,2025,63,326,,302,355,66,,57,39985,0.7117,12
141,UNIVERSITAS ANDALAS,SNBT,141043,11411043,SASTRA MINANGKABAU,S1,Tidak Ada,sosial_humaniora,0,0,59,2021,44,86,,,,,,48,32548,0.9419,4
141,UNIVERSITAS ANDALAS,SNBT,141043,11411043,SASTRA MINANGKABAU,S1,Tidak Ada,sosial_humaniora,0,0,59,2022,48,98,,86,,44,,48,34782,0.8776,6
141,UNIVERSITAS ANDALAS,SNBT,141043,11411043,SASTRA MINANGKABAU,S1,Tidak Ada,sosial_humaniora,0,0,59,2023,49,49,,98,86,48,,53,31579,0.9388,4
141,UNIVERSITAS ANDALAS,SNBT,141043,11411043,SASTRA MINANGKABAU,S1,Tidak Ada,sosial_humaniora,0,0,59,2024,58,61,,49,98,49,,56,38523,0.9016,5
141,UNIVERSITAS ANDALAS,SNBT,141043,11411043,SASTRA MINANGKABAU,S1,Tidak Ada,sosial_humaniora,0,0,59,2025,55,65,,61,49,58,,57,39985,0.9231,5
141,UNIVERSITAS ANDALAS,SNBT,141044,11411044,SASTRA JEPANG,S1,Tidak Ada,sosial_humaniora,0,0,50,2021,33,243,,,,,,48,32548,0.6831,15
141,UNIVERSITAS ANDALAS,SNBT,141044,11411044,SASTRA JEPANG,S1,Tidak Ada,sosial_humaniora,0,0,50,2022,45,210,,243,,33,,48,34782,0.6714,14
141,UNIVERSITAS ANDALAS,SNBT,141044,11411044,SASTRA JEPANG,S1,Tidak Ada,sosial_humaniora,0,0,50,2023,46,204,,210,243,45,,53,31579,0.6225,15
141,UNIVERSITAS ANDALAS,SNBT,141044,11411044,SASTRA JEPANG,S1,Tidak Ada,sosial_humaniora,0,0,50,2024,51,172,,204,210,46,,56,38523,0.6802,10
141,UNIVERSITAS ANDALAS,SNBT,141044,11411044,SASTRA JEPANG,S1,Tidak Ada,sosial_humaniora,0,0,50,2025,47,229,,172,204,51,,57,39985,0.6638,13
141,UNIVERSITAS ANDALAS,SNBT,141045,11411045,HUBUNGAN INTERNASIONAL,S1,Tidak Ada,sosial_humaniora,0,0,46,2021,49,722,,,,,,48,32548,0.7105,18
141,UNIVERSITAS ANDALAS,SNBT,141045,11411045,HUBUNGAN INTERNASIONAL,S1,Tidak Ada,sosial_humaniora,0,0,46,2022,48,619,,722,,49,,48,34782,0.6947,16
141,UNIVERSITAS ANDALAS,SNBT,141045,11411045,HUBUNGAN INTERNASIONAL,S1,Tidak Ada,sosial_humaniora,0,0,46,2023,29,532,,619,722,48,,53,31579,0.6372,13
141,UNIVERSITAS ANDALAS,SNBT,141045,11411045,HUBUNGAN INTERNASIONAL,S1,Tidak Ada,sosial_humaniora,0,0,46,2024,41,584,,532,619,29,,56,38523,0.6986,18
141,UNIVERSITAS ANDALAS,SNBT,141045,11411045,HUBUNGAN INTERNASIONAL,S1,Tidak Ada,sosial_humaniora,0,0,46,2025,46,453,,584,532,41,,57,39985,0.7528,14
141,UNIVERSITAS ANDALAS,SNBT,141046,11411046,ILMU KOMUNIKASI,S1,Tidak Ada,sosial_humaniora,0,0,62,2021,40,1225,,,,,,48,32548,0.7755,15
141,UNIVERSITAS ANDALAS,SNBT,141046,11411046,ILMU KOMUNIKASI,S1,Tidak Ada,sosial_humaniora,0,0,62,2022,63,1478,,1225,,40,,48,34782,0.7659,16
141,UNIVERSITAS ANDALAS,SNBT,141046,11411046,ILMU KOMUNIKASI,S1,Tidak Ada,sosial_humaniora,0,0,62,2023,53,1162,,1478,1225,63,,53,31579,0.7599,13
141,UNIVERSITAS ANDALAS,SNBT,141046,11411046,ILMU KOMUNIKASI,S1,Tidak Ada,sosial_humaniora,0,0,62,2024,54,1098,,1162,1478,53,,56,38523,0.755,17
141,UNIVERSITAS ANDALAS,SNBT,141046,11411046,ILMU KOMUNIKASI,S1,Tidak Ada,sosial_humaniora,0,0,62,2025,61,963,,1098,1162,54,,57,39985,0.7819,12
141,UNIVERSITAS ANDALAS,SNBT,141047,11411047,MANAJEMEN (KAMPUS 2 PAYAKUMBUH),S1,Tidak Ada,ekonomi,0,0,48,2021,33,272,,,,,,48,32548,0.8493,8
141,UNIVERSITAS ANDALAS,SNBT,141047,11411047,MANAJEMEN (KAMPUS 2 PAYAKUMBUH),S1,Tidak Ada,ekonomi,0,0,48,2022,32,277,,272,,33,,48,34782,0.8339,11
141,UNIVERSITAS ANDALAS,SNBT,141047,11411047,MANAJEMEN (KAMPUS 2 PAYAKUMBUH),S1,Tidak Ada,ekonomi,0,0,48,2023,44,221,,277,272,32,,53,31579,0.8281,11
141,UNIVERSITAS ANDALAS,SNBT,141047,11411047,MANAJEMEN (KAMPUS 2 PAYAKUMBUH),S1,Tidak Ada,ekonomi,0,0,48,2024,36,220,,221,277,44,,56,38523,0.8227,8
141,UNIVERSITAS ANDALAS,SNBT,141047,11411047,MANAJEMEN (KAMPUS 2 PAYAKUMBUH),S1,Tidak Ada,ekonomi,0,0,48,2025,49,225,,220,221,36,,57,39985,0.8978,8
141,UNIVERSITAS ANDALAS,SNBT,141048,11411048,EKONOMI PEMBANGUNAN (KAMPUS PAYAKUMBUH),S1,Tidak Ada,ekonomi,0,0,41,2021,33,131,,,,,,48,32548,0.9008,6
141,UNIVERSITAS ANDALAS,SNBT,141048,11411048,EKONOMI PEMBANGUNAN (KAMPUS PAYAKUMBUH),S1,Tidak Ada,ekonomi,0,0,41,2022,32,149,,131,,33,,48,34782,0.7987,7
141,UNIVERSITAS ANDALAS,SNBT,141048,11411048,EKONOMI PEMBANGUNAN (KAMPUS PAYAKUMBUH),S1,Tidak Ada,ekonomi,0,0,41,2023,46,134,,149,131,32,,53,31579,0.8134,8
141,UNIVERSITAS ANDALAS,SNBT,141048,11411048,EKONOMI PEMBANGUNAN (KAMPUS PAYAKUMBUH),S1,Tidak Ada,ekonomi,0,0,41,2024,42,138,,134,149,46,,56,38523,0.9058,4
141,UNIVERSITAS ANDALAS,SNBT,141048,11411048,EKONOMI PEMBANGUNAN (KAMPUS PAYAKUMBUH),S1,Tidak Ada,ekonomi,0,0,41,2025,43,160,,138,134,42,,57,39985,0.7875,10
141,UNIVERSITAS ANDALAS,SNBT,141049,11413049,AKUNTANSI,D3,Tidak Ada,ekonomi,0,0,48,2023,38,104,,,,,,53,31579,0.8942,6
141,UNIVERSITAS ANDALAS,SNBT,141049,11413049,AKUNTANSI,D3,Tidak Ada,ekonomi,0,0,48,2024,35,1534,,104,,38,,56,38523,0.7686,20
141,UNIVERSITAS ANDALAS,SNBT,141049,11413049,AKUNTANSI,D3,Tidak Ada,ekonomi,0,0,48,2025,48,1703,,1534,104,35,,57,39985,0.7686,24
141,UNIVERSITAS ANDALAS,SNBT,141050,11413050,ADMINISTRASI PERKANTORAN,D3,Tidak Ada,sosial_humaniora,0,0,25,2023,28,166,,,,,,53,31579,0.9277,7
141,UNIVERSITAS ANDALAS,SNBT,141050,11413050,ADMINISTRASI PERKANTORAN,D3,Tidak Ada,sosial_humaniora,0,0,25,2024,26,2273,,166,,28,,56,38523,0.7778,23
141,UNIVERSITAS ANDALAS,SNBT,141050,11413050,ADMINISTRASI PERKANTORAN,D3,Tidak Ada,sosial_humaniora,0,0,25,2025,25,2252,,2273,166,26,,57,39985,0.774,24
141,UNIVERSITAS ANDALAS,SNBT,141051,11413051,PERBANKAN DAN KEUANGAN,D3,Tidak Ada,ekonomi,0,0,47,2023,49,147,,,,,,53,31579,0.8776,6
141,UNIVERSITAS ANDALAS,SNBT,141051,11413051,PERBANKAN DAN KEUANGAN,D3,Tidak Ada,ekonomi,0,0,47,2024,46,1822,,147,,49,,56,38523,0.7634,22
141,UNIVERSITAS ANDALAS,SNBT,141051,11413051,PERBANKAN DAN KEUANGAN,D3,Tidak Ada,ekonomi,0,0,47,2025,46,1801,,1822,147,46,,57,39985,0.7468,21
141,UNIVERSITAS ANDALAS,SNBT,141052,11413052,MANAJEMEN PEMASARAN,D3,Tidak Ada,ekonomi,0,0,35,2023,27,85,,,,,,53,31579,0.8824,6
141,UNIVERSITAS ANDALAS,SNBT,141052,11413052,MANAJEMEN PEMASARAN,D3,Tidak Ada,ekonomi,0,0,35,2024,28,1188,,85,,27,,56,38523,0.7576,19
141,UNIVERSITAS ANDALAS,SNBT,141052,11413052,MANAJEMEN PEMASARAN,D3,Tidak Ada,ekonomi,0,0,35,2025,33,1214,,1188,85,28,,57,39985,0.7496,20
141,UNIVERSITAS ANDALAS,SNBT,141053,11411053,INFORMATIKA,S1,Tidak Ada,teknik,0,0,39,2023,21,778,,,,,,53,31579,0.7314,17
141,UNIVERSITAS ANDALAS,SNBT,141053,11411053,INFORMATIKA,S1,Tidak Ada,teknik,0,0,39,2024,20,812,,778,,21,,56,38523,0.7291,15
141,UNIVERSITAS ANDALAS,SNBT,141053,11411053,INFORMATIKA,S1,Tidak Ada,teknik,0,0,39,2025,30,819,,812,778,20,,57,39985,0.7448,12
141,UNIVERSITAS ANDALAS,SNBT,141054,11411054,ARSITEKTUR,S1,Tidak Ada,teknik,0,0,14,2024,14,266,,,,,,56,38523,0.7256,11
141,UNIVERSITAS ANDALAS,SNBT,141054,11411054,ARSITEKTUR,S1,Tidak Ada,teknik,0,0,14,2025,15,252,,266,,14,,57,39985,0.746,13
141,UNIVERSITAS ANDALAS,SNBT,141055,11411055,EKONOMI ISLAM,S1,Tidak Ada,ekonomi,0,0,21,2024,20,116,,,,,,56,38523,0.8017,9
141,UNIVERSITAS ANDALAS,SNBT,141055,11411055,EKONOMI ISLAM,S1,Tidak Ada,ekonomi,0,0,21,2025,20,128,,116,,20,,57,39985,0.7734,12
141,UNIVERSITAS ANDALAS,SNBT,141056,11411056,KEWIRAUSAHAAN,S1,Tidak Ada,ekonomi,0,0,20,2024,14,225,,,,,,56,38523,0.8044,10
141,UNIVERSITAS ANDALAS,SNBT,141056,11411056,KEWIRAUSAHAAN,S1,Tidak Ada,ekonomi,0,0,20,2025,20,290,,225,,14,,57,39985,0.8586,11
141,UNIVERSITAS ANDALAS,SNBT,141057,11411057,STATISTIKA DAN SAINS DATA,S1,Tidak Ada,sains,0,0,21,2025,20,204,,,,,,57,39985,0.7304,10
141,UNIVERSITAS ANDALAS,SNBT,141058,11411058,ARKEOLOGI,S1,Tidak Ada,sosial_humaniora,0,1,31,,,,,,,,,,,,
141,UNIVERSITAS ANDALAS,SNBT,141059,11411059,NUTRISI DAN TEKNOLOGI PAKAN TERNAK,S1,Tidak Ada,pertanian,0,1,22,,,,,,,,,,,,
